LABEL,ID,TRACK_ID,QUALITY,POSITION_X,POSITION_Y,POSITION_Z,POSITION_T,FRAME,RADIUS,VISIBILITY,MANUAL_SPOT_COLOR,MEAN_INTENSITY_CH1,MEDIAN_INTENSITY_CH1,MIN_INTENSITY_CH1,MAX_INTENSITY_CH1,TOTAL_INTENSITY_CH1,STD_INTENSITY_CH1,CONTRAST_CH1,SNR_CH1
Label,Spot ID,Track ID,Quality,X,Y,Z,T,Frame,Radius,Visibility,Manual spot color,Mean intensity ch1,Median intensity ch1,Min intensity ch1,Max intensity ch1,Sum intensity ch1,Std intensity ch1,Contrast ch1,Signal/Noise ratio ch1
Label,Spot ID,Track ID,Quality,X,Y,Z,T,Frame,R,Visibility,Spot color,Mean ch1,Median ch1,Min ch1,Max ch1,Sum ch1,Std ch1,Ctrst ch1,SNR ch1
,,,(quality),(micron),(micron),(micron),(sec),,(micron),,,(counts),(counts),(counts),(counts),(counts),(counts),,
ID5700,5700,0,27.82582474,19.57324308,25.7033247,0,10,2,0.65,1,,420.1007752,351,174,1070,54193,206.4801309,0.32590709,1.000197874
ID5828,5828,0,24.70185471,18.92797133,26.02596057,0,65,13,0.65,1,,397.9689922,327,166,1028,51338,201.5622166,0.286622457,0.879689063
ID6020,6020,0,22.8892231,18.60533545,25.91841528,0,115,23,0.65,1,,401.0077519,352,163,943,51730,175.3551974,0.336029734,1.150338635
ID6148,6148,0,23.19616508,18.39024487,26.13350586,0,155,31,0.65,1,,429.1937984,384,172,1038,55366,173.1584389,0.290009418,1.114445906
ID6085,6085,0,17.39982796,18.28269958,25.81086999,0,140,28,0.65,1,,415.5348837,411,198,921,53604,133.9502617,0.223917663,1.135089399
ID5897,5897,0,21.49373436,19.2506072,25.81086999,0,85,17,0.65,1,,396.3023256,358,154,879,51123,162.1610217,0.27563848,1.056142159
ID5773,5773,0,26.63818932,18.92797133,25.81086999,0,60,12,0.65,1,,408.7131783,364,144,1149,52724,206.2561057,0.306919193,0.930715904
ID5967,5967,0,35.98730087,18.92797133,25.59577941,0,105,21,0.65,1,,456.9689922,347,180,1262,58949,261.2275091,0.401749143,1.002726465
ID5652,5652,0,31.52901459,19.2506072,25.59577941,0,20,4,0.65,1,,438.627907,341,162,1213,56583,232.2833019,0.371572332,1.023134941
ID6037,6037,0,22.62394142,18.39024487,26.02596057,0,120,24,0.65,1,,401.7286822,358,174,967,51823,174.5708914,0.28625436,1.024274253
ID5846,5846,0,25.4338398,18.82042603,26.02596057,0,70,14,0.65,1,,422.496124,380,162,903,54502,181.5511775,0.316866255,1.119922517
ID6102,6102,0,20.34124565,17.9600637,26.24105116,0,145,29,0.65,1,,411.5891473,387,175,893,53095,143.3835336,0.241269983,1.11591643
ID5720,5720,0,28.71177864,19.14306191,25.7033247,0,25,5,0.65,1,,421.8449612,337,170,1205,54418,217.4278778,0.349618415,1.005196433
ID5592,5592,0,27.2629261,19.46569778,25.59577941,0,5,1,0.65,1,,403.1937984,338,180,910,52012,193.5207546,0.326429605,1.025466845
ID5913,5913,0,28.73003387,18.82042603,25.59577941,0,90,18,0.65,1,,450.1860465,406,165,891,58074,189.3143371,0.342805118,1.214151357
ID5792,5792,0,28.44356918,19.03551662,25.7033247,0,55,11,0.65,1,,416.8062016,335,144,1173,53768,222.2728151,0.320684656,0.91066127
ID5985,5985,0,32.40342712,18.82042603,25.59577941,0,110,22,0.65,1,,445.0542636,364,157,1299,57412,237.2115126,0.398165369,1.06859255
ID5666,5666,0,28.11959648,18.92797133,25.81086999,0,35,7,0.65,1,,421.2015504,354,175,960,54335,200.4912864,0.317526255,1.012616074
ID6054,6054,0,22.50788116,18.49779016,26.02596057,0,125,25,0.65,1,,409.4031008,376,169,1024,52813,180.7281937,0.270742511,0.965281781
ID5864,5864,0,24.88403511,18.82042603,25.81086999,0,80,16,0.65,1,,415.4341085,370,176,922,53591,166.993911,0.316586188,1.19639387
ID6120,6120,0,19.23866653,18.39024487,25.91841528,0,150,30,0.65,1,,395.9069767,386,184,753,51072,135.2727824,0.235930315,1.11738411
ID5737,5737,0,27.25748062,19.03551662,25.81086999,0,50,10,0.65,1,,406.744186,328,125,1165,52470,219.3839485,0.316211994,0.890838536
ID5930,5930,0,28.90202904,18.82042603,25.7033247,0,95,19,0.65,1,,451.9844961,427,174,1103,58306,191.8698283,0.376705657,1.289163177
ID5611,5611,0,28.72864532,19.35815249,25.7033247,0,15,3,0.65,1,,427.372093,343,191,1164,55131,212.6517131,0.342635352,1.025749612
ID5680,5680,0,27.00788498,19.03551662,25.91841528,0,30,6,0.65,1,,401.4108527,329,155,987,51782,200.1576961,0.315920541,0.96293065
ID5810,5810,0,27.46918106,19.03551662,25.81086999,0,45,9,0.65,1,,414.5813953,336,160,1076,53481,217.1394173,0.31225578,0.908642671
ID6005,6005,0,19.44934845,18.49779016,26.02596057,0,130,26,0.65,1,,376.2248062,344,170,919,48533,167.514796,0.213068876,0.78896694
ID5878,5878,0,20.77853394,18.60533545,26.13350586,0,75,15,0.65,1,,377.3333333,334,147,949,48676,177.2208339,0.237081161,0.816092233
ID6070,6070,0,20.51763725,18.49779016,25.7033247,0,135,27,0.65,1,,417.3410853,375,165,911,53837,169.1563393,0.304449743,1.151651609
ID5754,5754,0,28.3278923,18.92797133,25.81086999,0,40,8,0.65,1,,424.5426357,350,144,1015,54766,212.702257,0.326601848,0.982782125
ID5949,5949,0,37.27335739,18.71288074,25.59577941,0,100,20,0.65,1,,502.3953488,440,160,1320,64809,270.8881059,0.42193793,1.10066105
ID5630,5630,0,22.66397858,19.46569778,25.48823411,0,0,0,0.65,1,,370.6511628,314,167,843,47814,161.7073288,0.284173617,1.014438378
ID5954,5954,1,118.3345032,18.28269958,5.592355164,0,105,21,0.65,1,,1012.24031,530,192,5078,130579,1107.68725,0.654043657,0.722696975
ID5636,5636,1,88.05075073,18.28269958,5.484809873,0,20,4,0.65,1,,796.255814,415,181,3580,102717,784.5486987,0.592248288,0.75501526
ID6150,6150,1,99.27097321,18.17515428,5.699900456,0,165,33,0.65,1,,901.4031008,559,183,3994,116281,852.6321334,0.636072307,0.822036954
ID6023,6023,1,94.81771088,18.28269958,5.592355164,0,120,24,0.65,1,,864.0310078,478,210,4300,111460,859.9851646,0.617767051,0.767321064
ID5705,5705,1,83.31394196,18.28269958,5.484809873,0,25,5,0.65,1,,763.5581395,421,187,3452,98499,725.8134005,0.586115295,0.777491099
ID5833,5833,1,102.0051956,18.28269958,5.484809873,0,70,14,0.65,1,,893.9224806,445,168,4384,115316,938.3768117,0.618633791,0.728178117
ID6089,6089,1,128.6007385,18.28269958,5.592355164,0,145,29,0.65,1,,1077.27907,574,199,5983,138969,1229.289537,0.663990914,0.699383237
ID5578,5578,1,89.70159149,18.39024487,5.484809873,0,5,1,0.65,1,,810.9302326,428,178,3740,104610,815.8724068,0.600010251,0.74546481
ID5900,5900,1,111.6580734,18.28269958,5.484809873,0,90,18,0.65,1,,961.9302326,505,202,4809,124089,1041.724586,0.640782808,0.721241006
ID5777,5777,1,107.0267334,18.28269958,5.484809873,0,55,11,0.65,1,,928.124031,472,190,4532,119728,997.8519195,0.629148125,0.718393261
ID6163,6163,1,102.5389252,18.17515428,5.592355164,0,170,34,0.65,1,,929.8604651,544,203,4343,119952,921.9850421,0.634741635,0.783198354
ID5972,5972,1,103.4535599,18.28269958,5.592355164,0,110,22,0.65,1,,916.8527132,502,220,4440,118274,938.7924766,0.636107889,0.759414373
ID5654,5654,1,106.5091248,18.28269958,5.484809873,0,35,7,0.65,1,,914.1472868,466,206,4816,117925,1006.257462,0.628618265,0.701301473
ID6040,6040,1,109.3516922,18.28269958,5.592355164,0,125,25,0.65,1,,951.4418605,500,211,4852,122736,1021.492076,0.641131385,0.727747857
ID6105,6105,1,125.9514771,18.28269958,5.592355164,0,150,30,0.65,1,,1062.503876,575,198,5753,137063,1207.546461,0.658038573,0.698414732
ID5723,5723,1,101.758461,18.28269958,5.484809873,0,50,10,0.65,1,,887.124031,451,178,4402,114439,941.2858643,0.622261822,0.723011178
ID5851,5851,1,117.1436768,18.28269958,5.484809873,0,80,16,0.65,1,,995.3565891,463,182,5534,128401,1150.530522,0.646686703,0.679506319
ID5596,5596,1,85.26283264,18.28269958,5.484809873,0,15,3,0.65,1,,785.5271318,427,182,3510,101333,761.5794451,0.598019994,0.771986076
ID5917,5917,1,120.8384781,18.28269958,5.592355164,0,95,19,0.65,1,,1021.007752,494,176,5470,131710,1163.733502,0.660071417,0.697701494
ID6178,6178,1,104.3877792,18.17515428,5.592355164,0,175,35,0.65,1,,930.248062,583,204,4437,120002,905.4391289,0.640878997,0.802544261
ID5796,5796,1,94.71916962,18.28269958,5.484809873,0,45,9,0.65,1,,826.9224806,434,169,4107,106673,858.139217,0.605219396,0.726633613
ID5669,5669,1,93.27497101,18.28269958,5.484809873,0,30,6,0.65,1,,842.6434109,453,212,4201,108701,851.8045899,0.610591681,0.750065656
ID5990,5990,1,122.0981216,18.28269958,5.592355164,0,130,26,0.65,1,,1028.20155,538,206,5418,132638,1152.609291,0.660242047,0.709508992
ID6058,6058,1,138.7731934,18.28269958,5.592355164,0,135,27,0.65,1,,1134.906977,544,197,6349,146403,1350.990634,0.667972865,0.672833741
ID6122,6122,1,96.45314789,18.17515428,5.699900456,0,160,32,0.65,1,,889.875969,555,221,3623,114794,806.9595038,0.629597669,0.852099775
ID5867,5867,1,94.76927948,18.28269958,5.484809873,0,75,15,0.65,1,,847.0852713,446,198,4132,109274,860.8750094,0.607015339,0.743355688
ID5740,5740,1,96.03003693,18.28269958,5.484809873,0,40,8,0.65,1,,846.0930233,459,175,4043,109146,879.8337151,0.612712858,0.730714045
ID5934,5934,1,132.8823242,18.28269958,5.592355164,0,100,20,0.65,1,,1111.868217,530,191,6122,143431,1313.506462,0.675424897,0.682500853
ID5615,5615,1,75.66576385,18.39024487,5.377264581,0,0,0,0.65,1,,705.0852713,409,146,3032,90956,638.7791338,0.576588414,0.80736236
ID6193,6193,1,105.4894562,18.17515428,5.592355164,0,180,36,0.65,1,,939.9457364,573,199,4235,121253,914.6087048,0.649333137,0.809201408
ID5686,5686,1,86.46004486,18.39024487,5.484809873,0,10,2,0.65,1,,786.8914729,437,165,3756,101509,780.8423961,0.595589934,0.752328494
ID5814,5814,1,103.3630981,18.28269958,5.484809873,0,65,13,0.65,1,,902.9922481,443,197,4858,116486,978.3306852,0.624611,0.709722512
ID6006,6006,1,109.6268692,18.28269958,5.592355164,0,115,23,0.65,1,,960.5658915,544,202,4849,123913,1010.36937,0.645071408,0.745589913
ID6136,6136,1,121.0724716,18.17515428,5.592355164,0,155,31,0.65,1,,1044.488372,591,195,5180,134739,1131.536125,0.659078496,0.733390684
ID6073,6073,1,128.723114,18.28269958,5.592355164,0,140,28,0.65,1,,1074.930233,564,195,5627,138666,1223.927389,0.659037804,0.697764171
ID5884,5884,1,123.2113266,18.28269958,5.484809873,0,85,17,0.65,1,,1031.666667,498,173,5982,133085,1213.907355,0.653499898,0.671777112
ID5757,5757,1,109.1615219,18.28269958,5.484809873,0,60,12,0.65,1,,937.0775194,478,200,4882,120883,1030.604826,0.629895488,0.702784352
ID5762,5762,2,25.36019135,4.301811665,13.55070674,0,60,12,0.65,1,,410.7364341,304,158,2178,52985,322.7689653,0.309120668,0.600965883
ID5958,5958,2,33.22095108,4.301811665,13.55070674,0,105,21,0.65,1,,446.4651163,323,147,2349,57594,380.1415864,0.341545655,0.598019648
ID5639,5639,2,26.32638931,4.301811665,13.55070674,0,20,4,0.65,1,,413.4186047,308,161,2314,53331,339.7602256,0.333457419,0.608567435
ID5834,5834,2,30.27593231,4.301811665,13.44316145,0,70,14,0.65,1,,425.5426357,282,143,2380,54895,383.1149674,0.31649911,0.534067166
ID6154,6154,2,27.06058502,4.301811665,13.55070674,0,165,33,0.65,1,,413.5813953,302,166,2015,53352,312.8880265,0.308000431,0.622508782
ID6027,6027,2,24.25644493,4.194266373,13.55070674,0,120,24,0.65,1,,405.5116279,299,142,2284,52311,318.1873985,0.310061205,0.603262287
ID5708,5708,2,24.471035,4.301811665,13.55070674,0,25,5,0.65,1,,394.4418605,284,147,2229,50883,337.4370753,0.310715216,0.554210023
ID5580,5580,2,26.53853035,4.409356957,13.55070674,0,5,1,0.65,1,,423.9922481,288,176,2326,54695,352.0175665,0.338474627,0.609171465
ID5902,5902,2,33.51576996,4.301811665,13.44316145,0,90,18,0.65,1,,443.6511628,311,153,2453,57231,398.9300661,0.336139002,0.559554143
ID6094,6094,2,27.56988335,4.301811665,13.55070674,0,145,29,0.65,1,,417.8449612,308,132,1826,53902,290.8522888,0.301068673,0.664871975
ID5780,5780,2,27.64552879,4.301811665,13.44316145,0,55,11,0.65,1,,423.0852713,306,133,2387,54578,349.7637603,0.31525985,0.579882757
ID5655,5655,2,25.14361954,4.301811665,13.44316145,0,35,7,0.65,1,,420.9302326,312,169,2370,54300,350.819313,0.321939947,0.584412859
ID5976,5976,2,30.62732506,4.301811665,13.55070674,0,110,22,0.65,1,,427.8682171,305,149,2168,55195,372.1011367,0.32591701,0.565287929
ID6168,6168,2,28.45725632,4.301811665,13.55070674,0,170,34,0.65,1,,417.4806202,300,178,2070,53855,323.268225,0.306186322,0.605457901
ID5724,5724,2,27.02805901,4.194266373,13.44316145,0,50,10,0.65,1,,421.1472868,302,152,2321,54328,343.7618884,0.329491903,0.607246928
ID6045,6045,2,22.49000168,4.194266373,13.44316145,0,125,25,0.65,1,,402.6124031,309,173,2193,51937,299.0187418,0.305203685,0.62969496
ID6110,6110,2,26.65814972,4.301811665,13.55070674,0,150,30,0.65,1,,404.6356589,295,164,1854,52198,296.7187994,0.292513042,0.617247566
ID5599,5599,2,26.39473152,4.301811665,13.44316145,0,15,3,0.65,1,,396.3875969,276,157,2289,51134,356.1986873,0.304912695,0.520058008
ID5855,5855,2,30.53011894,4.301811665,13.44316145,0,80,16,0.65,1,,440.4651163,311,156,2211,56820,371.2773358,0.330689559,0.589639826
ID5919,5919,2,31.41140366,4.301811665,13.55070674,0,95,19,0.65,1,,437,294,144,2324,56373,372.0801325,0.331512733,0.584830267
ID5670,5670,2,25.92565918,4.301811665,13.55070674,0,30,6,0.65,1,,416.503876,317,165,2364,53729,353.1652438,0.327224183,0.581530091
ID5798,5798,2,27.98782539,4.301811665,13.44316145,0,45,9,0.65,1,,421.620155,309,156,2384,54389,363.4051887,0.320783831,0.56356104
ID6182,6182,2,26.02156639,4.194266373,13.55070674,0,175,35,0.65,1,,411.5193798,289,159,2024,53086,305.4767816,0.31338971,0.64288487
ID5995,5995,2,24.28642082,4.194266373,13.44316145,0,130,26,0.65,1,,400.2015504,293,153,1973,51626,285.6891443,0.30138526,0.648830339
ID5868,5868,2,27.71062851,4.301811665,13.44316145,0,75,15,0.65,1,,408.751938,279,148,2126,52729,352.0844632,0.31181477,0.551908555
ID5742,5742,2,26.55421066,4.301811665,13.55070674,0,40,8,0.65,1,,417.8372093,305,156,2374,53901,339.095391,0.329420529,0.610665662
ID6126,6126,2,23.66415787,4.301811665,13.55070674,0,160,32,0.65,1,,386.2170543,284,160,1838,49822,286.8477101,0.271398443,0.574825112
ID6064,6064,2,26.74375725,4.194266373,13.55070674,0,135,27,0.65,1,,421.8527132,334,166,1886,54419,275.4631923,0.320756157,0.743840162
ID5617,5617,2,24.0578804,4.409356957,13.55070674,0,0,0,0.65,1,,392.6124031,282,160,1985,50647,316.7300781,0.314878711,0.593693519
ID5938,5938,2,31.3463459,4.301811665,13.44316145,0,100,20,0.65,1,,436.8837209,307,145,2011,56358,350.291589,0.321045902,0.606199217
ID6198,6198,2,25.08642578,4.194266373,13.55070674,0,180,36,0.65,1,,406.9612403,297,135,1849,52498,293.438782,0.306984303,0.651495365
ID5688,5688,2,27.88526726,4.409356957,13.55070674,0,10,2,0.65,1,,419.3178295,294,152,2295,54092,348.7385075,0.334319293,0.602525032
ID5817,5817,2,29.25098801,4.301811665,13.44316145,0,65,13,0.65,1,,417.7596899,294,149,2003,53891,345.2263925,0.311726004,0.575151745
ID6011,6011,2,29.29228783,4.301811665,13.55070674,0,115,23,0.65,1,,422.8992248,300,155,2333,54554,348.2184086,0.316041342,0.583296705
ID6141,6141,2,27.28403854,4.194266373,13.44316145,0,155,31,0.65,1,,418.6356589,286,130,1949,54004,320.0263158,0.3003631,0.604313732
ID5887,5887,2,32.5028801,4.301811665,13.44316145,0,85,17,0.65,1,,447.620155,313,159,2308,57743,386.057035,0.332412834,0.578531664
ID6079,6079,2,28.87459564,4.301811665,13.55070674,0,140,28,0.65,1,,415.2170543,306,159,2024,53563,327.1756256,0.29931019,0.584699733
ID5888,5888,3,108.0043411,28.92968345,13.44316145,0,85,17,0.65,1,,1424.178295,1440,379,2548,183719,555.1919354,0.526787688,1.770142283
ID5761,5761,3,139.0831757,28.92968345,13.44316145,0,60,12,0.65,1,,1674.046512,1731,342,3029,215952,714.2608161,0.594633976,1.747951577
ID5957,5957,3,66.32144928,28.60704757,13.33561616,0,105,21,0.65,1,,972.2635659,895,309,1898,125422,432.5999798,0.355917802,1.179896357
ID5640,5640,3,70.86151123,29.25231932,14.41106908,0,20,4,0.65,1,,1015.44186,989,327,1855,130992,392.8998542,0.377644991,1.416933937
ID6153,6153,3,48.96710968,28.39195699,13.01298029,0,165,33,0.65,1,,689.372093,575,304,1521,88929,288.9206225,0.411794033,1.391918668
ID6026,6026,3,75.30487061,28.60704757,12.90543499,0,120,24,0.65,1,,1105.100775,987,312,2221,142558,481.4783199,0.369141336,1.237654827
ID5835,5835,3,141.5084839,28.82213816,13.44316145,0,70,14,0.65,1,,1682.03876,1587,444,3127,216983,708.896451,0.603258285,1.78559514
ID5709,5709,3,71.43119812,29.25231932,14.0884332,0,25,5,0.65,1,,1070.286822,1076,317,1962,138067,430.5961927,0.342650547,1.268669281
ID5581,5581,3,93.79970551,29.14477403,14.62615966,0,5,1,0.65,1,,1236.697674,1197,290,2494,159534,523.3609922,0.463961487,1.497767732
ID6093,6093,3,31.83919907,28.17686641,13.01298029,0,145,29,0.65,1,,567.4883721,485,298,1148,73206,215.4774537,0.270404469,1.121132599
ID5903,5903,3,107.2546005,28.82213816,13.44316145,0,90,18,0.65,1,,1416.015504,1424,395,2818,182666,598.4724825,0.50388301,1.585511803
ID5781,5781,3,146.6522217,28.92968345,13.55070674,0,55,11,0.65,1,,1687.24031,1624,481,3389,217654,734.4837981,0.602464491,1.727299941
ID5975,5975,3,69.54534912,28.60704757,13.01298029,0,110,22,0.65,1,,978.9379845,910,293,2086,126283,429.1772243,0.364336372,1.218230817
ID6167,6167,3,69.46556091,28.60704757,12.7978897,0,170,34,0.65,1,,877.255814,751,295,1924,113166,426.1472618,0.45480229,1.28710867
ID5656,5656,3,144.3958282,29.03722874,13.76579733,0,35,7,0.65,1,,1559.139535,1350,342,3446,201129,825.2465516,0.566004413,1.365708766
ID6044,6044,3,70.10811615,28.2844117,12.90543499,0,125,25,0.65,1,,901.3255814,753,298,1992,116271,455.609982,0.404115937,1.138731861
ID5725,5725,3,149.9919281,28.92968345,13.55070674,0,50,10,0.65,1,,1649.255814,1475,399,3975,212754,867.4472361,0.596694035,1.421035558
ID6109,6109,3,34.34246063,28.2844117,13.01298029,0,150,30,0.65,1,,588.0387597,522,311,1310,75857,233.8626534,0.27668589,1.089878358
ID5854,5854,3,94.90800476,28.92968345,13.22807087,0,80,16,0.65,1,,1362.883721,1393,355,2875,175812,609.8511682,0.481488972,1.452622815
ID5600,5600,3,77.64432526,29.25231932,14.51861437,0,15,3,0.65,1,,1090.744186,1043,280,1911,140706,415.3877195,0.422780189,1.56054418
ID5920,5920,3,102.9054337,28.82213816,13.65825204,0,95,19,0.65,1,,1340.875969,1345,334,2650,172973,644.4920966,0.487812567,1.364287088
ID6181,6181,3,74.45649719,28.60704757,12.69034441,0,175,35,0.65,1,,920.3488372,780,302,1850,118725,460.2236659,0.437441258,1.217147333
ID5671,5671,3,151.7170563,29.14477403,13.76579733,0,30,6,0.65,1,,1756.472868,1679,435,3658,226585,786.8296361,0.603822263,1.680906729
ID5799,5799,3,149.1541595,28.92968345,13.65825204,0,45,9,0.65,1,,1618.062016,1408,317,3592,208730,847.0553936,0.580117515,1.402619709
ID5994,5994,3,61.53632736,28.17686641,12.90543499,0,130,26,0.65,1,,807.5968992,677,323,1861,104180,411.2206395,0.388396199,1.098781376
ID5869,5869,3,114.1614151,28.82213816,13.55070674,0,75,15,0.65,1,,1532.581395,1501,460,3174,197703,644.1378285,0.523018772,1.634130593
ID6125,6125,3,39.22550964,28.2844117,13.12052558,0,160,32,0.65,1,,632.5658915,566,262,1297,81601,236.4338519,0.361338692,1.420281364
ID5743,5743,3,120.5357742,28.92968345,13.65825204,0,40,8,0.65,1,,1498.612403,1455,358,3145,193321,672.373923,0.52452061,1.533690454
ID6063,6063,3,42.89634323,28.17686641,13.01298029,0,135,27,0.65,1,,674.1782946,579,302,1527,86969,305.3661084,0.313962779,1.055064545
ID5618,5618,3,47.6005249,29.03722874,13.76579733,0,0,0,0.65,1,,791.4496124,788,240,1431,102097,299.1511418,0.392314824,1.490938992
ID5939,5939,3,68.23867798,28.60704757,13.98088791,0,100,20,0.65,1,,886.7286822,772,300,2072,114388,446.1696838,0.394539522,1.124554174
ID6197,6197,3,72.51755524,28.39195699,12.90543499,0,180,36,0.65,1,,905.9844961,824,326,1953,116872,414.0088689,0.482782678,1.425001404
ID5816,5816,3,149.8612823,28.92968345,13.33561616,0,65,13,0.65,1,,1731.015504,1715,402,3343,223301,781.1484032,0.618922697,1.694367847
ID5690,5690,3,82.54369354,29.25231932,14.73370495,0,10,2,0.65,1,,1120.139535,1095,370,1927,144498,415.9026656,0.444113628,1.656544669
ID6010,6010,3,73.1055603,28.71459286,13.12052558,0,115,23,0.65,1,,1066.007752,935,332,2096,137515,480.0131264,0.349304415,1.149824023
ID6140,6140,3,34.97519302,28.2844117,13.12052558,0,155,31,0.65,1,,603.4263566,522,321,1263,77842,220.6661709,0.311325189,1.298441442
ID6078,6078,3,37.48804855,28.17686641,13.12052558,0,140,28,0.65,1,,643.2790698,558,295,1290,82983,261.3341066,0.286093196,1.095136899
ID5889,5889,4,67.49555206,29.14477403,18.82042603,0,85,17,0.65,1,,778.6589147,736,225,1664,100447,399.3624117,0.545403623,1.376214603
ID6081,6081,4,58.10746002,27.96177582,21.18642245,0,140,28,0.65,1,,785.9224806,705,264,1720,101384,365.1358397,0.398889226,1.227507701
ID5764,5764,4,72.43435669,29.35986461,18.82042603,0,60,12,0.65,1,,797.5891473,679,239,1973,102889,441.1213625,0.539298803,1.266944721
ID5959,5959,4,62.23350525,29.46740991,18.17515428,0,105,21,0.65,1,,690.9767442,610,196,1538,89136,383.9858694,0.520544416,1.232074205
ID5641,5641,4,58.41374969,28.82213816,20.11096953,0,20,4,0.65,1,,758.9922481,703,225,1525,97910,334.8183158,0.446142428,1.398687156
ID6028,6028,4,52.23126221,29.03722874,18.60533545,0,120,24,0.65,1,,622.6666667,517,211,1558,80324,338.0342146,0.465704928,1.170548029
ID5837,5837,4,64.96376038,29.25231932,19.14306191,0,70,14,0.65,1,,740.9844961,644,211,1898,95587,399.0855168,0.523270817,1.275623592
ID5710,5710,4,56.02842712,28.82213816,20.21851483,0,25,5,0.65,1,,766.1937984,718,242,1328,98839,284.3519243,0.448596797,1.668864607
ID5582,5582,4,45.77616501,28.60704757,20.00342424,0,5,1,0.65,1,,661.3100775,610,233,1352,85309,287.7853963,0.353805979,1.20108882
ID5904,5904,4,61.37497711,29.35986461,18.49779016,0,90,18,0.65,1,,688.9457364,539,196,1755,88874,409.8300965,0.487757639,1.102257481
ID6097,6097,4,65.83540344,27.63913995,21.40151303,0,145,29,0.65,1,,814.0620155,753,206,1837,105014,433.5482375,0.464286292,1.190720762
ID5783,5783,4,75.72886658,29.35986461,18.92797133,0,55,11,0.65,1,,816.0077519,676,239,1936,105265,466.569989,0.550871456,1.242458657
ID5657,5657,4,61.50449753,28.71459286,20.21851483,0,35,7,0.65,1,,770.0542636,712,234,1678,99337,347.2613009,0.487097446,1.452684699
ID5977,5977,4,47.30226898,29.35986461,17.9600637,0,110,22,0.65,1,,591.6124031,542,170,1248,76318,262.414668,0.477619883,1.457467337
ID6046,6046,4,55.5512352,29.03722874,18.82042603,0,125,25,0.65,1,,667.3023256,586,218,1465,86082,331.9966021,0.489617256,1.321298726
ID5727,5727,4,67.98294067,29.03722874,19.68078837,0,50,10,0.65,1,,809.3488372,734,247,1747,104406,390.8197445,0.516574293,1.41077692
ID5601,5601,4,56.51277161,28.92968345,20.00342424,0,15,3,0.65,1,,750.875969,701,234,1543,96863,333.4228736,0.421772098,1.336136014
ID5857,5857,4,68.26822662,29.25231932,18.71288074,0,80,16,0.65,1,,775.1085271,712,213,1644,99989,401.9897822,0.551699397,1.371110365
ID5921,5921,4,58.54363251,29.5749552,18.17515428,0,95,19,0.65,1,,638.0542636,538,199,1500,82309,374.0008629,0.532185633,1.185132115
ID6113,6113,4,77.18256378,27.74668524,22.04678478,0,150,30,0.65,1,,853.0077519,741,226,1905,110038,456.1293247,0.549103234,1.325771321
ID5672,5672,4,60.43865204,28.92968345,20.00342424,0,30,6,0.65,1,,761.8294574,716,198,1487,98276,329.0308003,0.488207609,1.519120507
ID5801,5801,4,64.16172791,28.92968345,19.68078837,0,45,9,0.65,1,,744.2945736,691,220,1719,96014,392.3749483,0.488237829,1.244608216
ID5997,5997,4,65.71556854,28.49950228,20.11096953,0,130,26,0.65,1,,710.1085271,595,198,1719,91604,411.1429998,0.540730866,1.212317016
ID5871,5871,4,69.02772522,29.25231932,18.71288074,0,75,15,0.65,1,,775.0542636,629,216,1871,99982,440.0165357,0.542325513,1.23873127
ID6128,6128,4,22.09894562,27.85423053,22.26187537,0,160,32,0.65,1,,441.2945736,386,149,1032,56927,217.0415572,0.150827594,0.532949702
ID5745,5745,4,61.67330551,28.82213816,20.11096953,0,40,8,0.65,1,,784.751938,754,293,1407,101233,307.9800884,0.523657474,1.751457943
ID6066,6066,4,67.02734375,28.39195699,20.86378658,0,135,27,0.65,1,,740.5271318,633,176,1941,95528,452.1628073,0.490380232,1.077735051
ID5620,5620,4,45.58908463,28.92968345,20.11096953,0,0,0,0.65,1,,693.7984496,674,303,1286,89500,251.0245686,0.387736348,1.544459922
ID5940,5940,4,62.30913544,29.46740991,18.06760899,0,100,20,0.65,1,,670.0310078,554,183,1554,86434,382.0115946,0.553600912,1.249987534
ID5691,5691,4,43.1341362,28.71459286,19.89587895,0,10,2,0.65,1,,636.3023256,556,221,1346,82083,284.2359442,0.333091277,1.11871093
ID5819,5819,4,66.42017365,29.35986461,18.71288074,0,65,13,0.65,1,,763,678,204,1822,98427,404.5531292,0.52592695,1.300081719
ID6012,6012,4,48.42622757,28.92968345,18.06760899,0,115,23,0.65,1,,568.9224806,461,154,1458,73391,309.9541451,0.487384967,1.202913458
ID6143,6143,4,59.567276,27.96177582,21.93923949,0,155,31,0.65,1,,728.5503876,662,201,1512,93983,336.8847856,0.507535264,1.456152749
ID5840,5840,5,19.14041138,10.96961975,20.97133187,0,70,14,0.65,1,,318.3023256,228,122,1394,41061,238.1736041,0.203564684,0.452073633
ID5730,5730,5,20.81047058,11.18471033,21.07887716,0,50,10,0.65,1,,369.5271318,273,102,1549,47669,280.2052283,0.252463833,0.531660102
ID5747,5747,5,18.72443199,11.07716504,20.97133187,0,40,8,0.65,1,,402.0697674,399,148,1276,51867,189.3302829,0.265824771,0.891934965
ID5603,5603,5,19.12806892,10.96961975,20.86378658,0,15,3,0.65,1,,384.9612403,349,149,1283,49660,192.8281863,0.265382067,0.837387322
ID5766,5766,5,21.72637177,11.29225562,21.18642245,0,60,12,0.65,1,,324.5116279,200,125,1668,41862,317.1116748,0.237605467,0.392936378
ID5673,5673,5,25.81967163,10.86207445,20.75624128,0,30,6,0.65,1,,455.3565891,418,198,1149,58741,189.1185887,0.355613816,1.263252138
ID5785,5785,5,19.19713211,11.18471033,21.07887716,0,55,11,0.65,1,,341.9612403,242,118,2008,44113,323.014812,0.19700204,0.348465892
ID5659,5659,5,22.61101151,11.07716504,20.97133187,0,35,7,0.65,1,,422.9224806,375,151,1257,54557,213.1178376,0.306867212,0.931944375
ID5643,5643,5,18.31360817,11.07716504,20.75624128,0,20,4,0.65,1,,380.5503876,361,146,1364,49091,195.3717595,0.258444083,0.800042479
ID5803,5803,5,19.44502068,11.29225562,21.07887716,0,45,9,0.65,1,,347.9302326,244,135,1498,44883,263.7032893,0.219898445,0.475669272
ID5821,5821,5,22.54970169,11.39980091,20.97133187,0,65,13,0.65,1,,319.7364341,193,100,1533,41246,298.4526899,0.254228762,0.434304723
ID5824,5824,6,19.12301254,16.77706549,23.44487357,0,65,13,0.65,1,,337.5736434,296,139,800,43547,144.887606,0.253466364,0.942269082
ID5732,5732,6,26.8580246,16.13179374,22.47696595,0,50,10,0.65,1,,374.3333333,295,143,992,48289,206.0662565,0.353643153,0.949167105
ID5605,5605,6,26.37405396,15.59406729,22.47696595,0,15,3,0.65,1,,370.2713178,316,150,925,47765,183.6753569,0.35067989,1.046785271
ID5769,5769,6,22.35769081,16.77706549,23.22978299,0,60,12,0.65,1,,349.5426357,270,134,950,45091,171.0400176,0.284976228,0.906454397
ID5674,5674,6,30.06889343,15.59406729,22.04678478,0,30,6,0.65,1,,373.6899225,270,145,1069,48206,231.1810302,0.378514201,0.887687532
ID5645,5645,6,32.0067482,15.48652199,22.26187537,0,20,4,0.65,1,,405.6744186,336,165,1063,52332,222.5700087,0.403526672,1.048075455
ID5805,5805,6,30.68897629,16.13179374,22.36942066,0,45,9,0.65,1,,381.8062016,287,146,1054,49253,236.402764,0.391487214,0.908780053
ID5713,5713,6,28.55749702,15.48652199,22.04678478,0,25,5,0.65,1,,375.0775194,285,109,1022,48385,215.8936592,0.367004276,0.932851243
ID5585,5585,6,25.00067902,15.91670316,22.36942066,0,5,1,0.65,1,,346.8837209,281,126,934,44748,182.0457801,0.34934917,0.986662604
ID5842,5842,6,16.85918045,16.45442962,23.55241887,0,70,14,0.65,1,,328.2713178,287,138,709,42347,125.4882808,0.231344832,0.982969121
ID5749,5749,6,31.11518478,16.02424845,22.36942066,0,40,8,0.65,1,,389.8992248,291,155,1102,50297,228.1616356,0.400110141,0.976690815
ID5624,5624,6,25.4423008,15.70161258,22.26187537,0,0,0,0.65,1,,351.2170543,293,137,901,45307,181.6534717,0.346286066,0.994625421
ID5787,5787,6,22.85505104,16.56197491,22.90714712,0,55,11,0.65,1,,347.9612403,278,154,917,44887,177.5503187,0.305348759,0.916872629
ID5661,5661,6,30.93253517,15.91670316,22.26187537,0,35,7,0.65,1,,383.8682171,277,140,1037,49519,235.0994264,0.39970553,0.932532679
ID5694,5694,6,26.56518555,15.70161258,22.47696595,0,10,2,0.65,1,,361.4573643,294,138,921,46628,194.0788744,0.352910627,0.971637878
ID6144,6144,7,101.4937363,11.39980091,23.22978299,0,155,31,0.65,1,,882.5658915,525,203,3412,113851,764.5770261,0.644327196,0.904636514
ID5825,5825,7,123.5549698,11.07716504,23.65996416,0,65,13,0.65,1,,1024.72093,516,187,3924,132189,1004.094726,0.675173851,0.822652924
ID6017,6017,7,121.8322296,11.07716504,23.44487357,0,115,23,0.65,1,,980.5968992,447,160,4340,126497,1021.479713,0.687575689,0.782254405
ID6083,6083,7,113.3772049,11.18471033,23.55241887,0,140,28,0.65,1,,952.3643411,545,204,3360,122855,850.7756106,0.672605738,0.900295493
ID5893,5893,7,100.8074112,11.5073462,23.33732828,0,85,17,0.65,1,,853.9147287,493,184,3046,110155,784.3977789,0.650064313,0.857755672
ID5768,5768,7,129.4477844,10.96961975,23.22978299,0,60,12,0.65,1,,1043.302326,543,146,4766,134586,1091.921612,0.690324031,0.780426011
ID5962,5962,7,118.4923172,11.18471033,23.1222377,0,105,21,0.65,1,,970.1705426,441,190,4600,125152,1034.680583,0.688510034,0.764677671
ID6157,6157,7,115.5009537,11.39980091,23.22978299,0,165,33,0.65,1,,961.4341085,496,196,4075,124025,942.9813413,0.673622148,0.820739556
ID5646,5646,7,130.322403,10.64698387,23.1222377,0,20,4,0.65,1,,1034.542636,503,171,4136,133456,1093.598525,0.707938005,0.784230265
ID5714,5714,7,126.0414352,10.75452916,23.33732828,0,25,5,0.65,1,,1006.503876,480,143,3874,129839,1033.920755,0.701477008,0.802685744
ID5586,5586,7,134.9426422,10.86207445,23.33732828,0,5,1,0.65,1,,1070.162791,508,167,4567,138051,1092.328446,0.713269438,0.815745237
ID6034,6034,7,122.2440567,11.07716504,23.33732828,0,120,24,0.65,1,,1005.488372,578,198,4172,129708,969.6641664,0.707494069,0.859308883
ID6098,6098,7,114.7749557,11.39980091,23.1222377,0,145,29,0.65,1,,961.4651163,449,181,3963,124029,940.8460043,0.682757411,0.829258427
ID5843,5843,7,126.2424698,11.29225562,23.76750945,0,70,14,0.65,1,,1019.155039,454,169,4133,131471,1035.900306,0.679057451,0.795780427
ID5909,5909,7,97.37748718,11.39980091,23.33732828,0,90,18,0.65,1,,830.5116279,453,160,3274,107136,769.9757212,0.651359412,0.850898521
ID5788,5788,7,130.7724152,10.96961975,23.44487357,0,55,11,0.65,1,,1046.085271,493,153,4540,134945,1099.570044,0.693182593,0.778965165
ID6172,6172,7,109.0397644,11.18471033,23.22978299,0,170,34,0.65,1,,925.1937984,504,183,3867,119350,873.663623,0.667256066,0.847634607
ID5981,5981,7,112.2787628,11.29225562,23.22978299,0,110,22,0.65,1,,920.372093,426,158,4020,118728,960.4158773,0.671387686,0.769892838
ID5662,5662,7,127.3988037,10.86207445,23.44487357,0,35,7,0.65,1,,1038.224806,523,192,4381,133931,1054.695359,0.698699033,0.809781899
ID6049,6049,7,118.0633545,10.96961975,23.33732828,0,125,25,0.65,1,,978.4573643,529,166,4629,126221,1007.502582,0.691618672,0.794127021
ID6115,6115,7,107.7108078,11.39980091,23.22978299,0,150,30,0.65,1,,928.3255814,521,194,3705,119754,861.3465944,0.664183798,0.860279078
ID5733,5733,7,127.7952042,10.96961975,23.22978299,0,50,10,0.65,1,,1034.395349,484,182,4573,133437,1088.923884,0.693505209,0.778004702
ID5861,5861,7,108.7228088,11.29225562,23.55241887,0,80,16,0.65,1,,896.7906977,447,170,3547,115686,901.4839907,0.652809896,0.78582691
ID5925,5925,7,121.3464279,11.18471033,23.1222377,0,95,19,0.65,1,,981.1782946,460,188,4225,126572,1015.85004,0.692746083,0.790552265
ID5606,5606,7,123.5005417,10.86207445,23.22978299,0,15,3,0.65,1,,1002.542636,458,133,3993,129328,1017.879736,0.690135562,0.80435774
ID6186,6186,7,101.9457703,11.18471033,23.44487357,0,175,35,0.65,1,,877.0542636,494,164,3123,113140,801.2690843,0.652765007,0.864617117
ID5675,5675,7,130.3419647,10.75452916,23.33732828,0,30,6,0.65,1,,1041.232558,485,170,4827,134319,1117.563418,0.713567555,0.775960158
ID5806,5806,7,130.6179199,10.96961975,23.44487357,0,45,9,0.65,1,,1037.434109,473,155,4775,133829,1115.683387,0.695200829,0.762673536
ID5999,5999,7,100.2289352,11.29225562,23.33732828,0,130,26,0.65,1,,893.875969,622,169,2582,115310,696.4206255,0.652284943,1.013416664
ID6130,6130,7,111.5462036,11.6148915,23.1222377,0,160,32,0.65,1,,943.6046512,478,187,3509,121725,871.0122113,0.660162833,0.861581189
ID5875,5875,7,120.2844162,11.18471033,23.65996416,0,75,15,0.65,1,,971.2093023,436,160,4445,125286,1027.643099,0.673713294,0.760842161
ID6068,6068,7,79.19820404,11.6148915,23.01469241,0,135,27,0.65,1,,792.4728682,608,237,2328,102229,512.3461671,0.61268827,1.175276481
ID5750,5750,7,127.9676666,10.96961975,23.55241887,0,40,8,0.65,1,,1038.705426,481,169,4483,133993,1081.339226,0.692093891,0.785780047
ID5944,5944,7,111.3503571,11.07716504,23.1222377,0,100,20,0.65,1,,915.751938,460,148,3804,118132,929.5820048,0.669796807,0.790313828
ID5625,5625,7,135.0365295,10.75452916,23.44487357,0,0,0,0.65,1,,1073.410853,458,146,4742,138470,1156.928238,0.720959772,0.777373748
ID6202,6202,7,105.532486,10.96961975,23.33732828,0,180,36,0.65,1,,882.1007752,474,169,3015,113791,814.0142605,0.66266869,0.863787508
ID5695,5695,7,124.4167633,10.96961975,23.1222377,0,10,2,0.65,1,,1006.116279,480,157,4021,129789,1015.705217,0.69747424,0.814020737
ID5696,5696,8,32.3214798,26.45614174,24.19769062,0,10,2,0.65,1,,483.9689922,388,164,1421,62432,292.3836825,0.265474888,0.694487314
ID5607,5607,8,29.77155495,26.56368703,23.98260003,0,15,3,0.65,1,,465.9457364,381,165,1209,60107,254.1313425,0.305814141,0.858782733
ID5735,5735,8,39.01468277,26.88632291,23.87505474,0,50,10,0.65,1,,535.503876,441,170,1526,69080,325.3310123,0.332366028,0.821221339
ID5770,5770,8,35.02743149,26.88632291,23.22978299,0,60,12,0.65,1,,529.751938,483,184,1229,68338,258.8759063,0.321437675,0.995545265
ID5676,5676,8,34.4072113,26.88632291,23.87505474,0,30,6,0.65,1,,440.4883721,315,140,1214,56823,270.7605064,0.376888764,0.890622086
ID5647,5647,8,25.17274094,26.56368703,23.98260003,0,20,4,0.65,1,,415.0387597,347,155,950,53540,203.2336019,0.264953986,0.855497741
ID5807,5807,8,38.47623825,26.77877761,23.87505474,0,45,9,0.65,1,,530.3953488,417,183,1561,68421,329.684068,0.343887582,0.823351527
ID5715,5715,8,29.32430077,26.67123232,23.87505474,0,25,5,0.65,1,,415.1085271,327,159,1116,53549,244.3474166,0.336469574,0.855402709
ID5587,5587,8,24.85825729,26.02596057,23.65996416,0,5,1,0.65,1,,450.8372093,432,193,927,58158,164.4523483,0.366295639,1.469930277
ID5752,5752,8,38.79362106,26.9938682,24.09014532,0,40,8,0.65,1,,495.2868217,361,159,1518,63892,340.6630986,0.328463137,0.718950193
ID5626,5626,8,25.87277031,25.91841528,23.65996416,0,0,0,0.65,1,,425.9224806,387,162,980,54944,190.5782981,0.343154117,1.141958918
ID5790,5790,8,38.55270386,26.9938682,23.87505474,0,55,11,0.65,1,,522.0930233,389,174,1615,67350,338.862284,0.344186361,0.789021475
ID5663,5663,8,40.5283432,26.9938682,23.65996416,0,35,7,0.65,1,,485.6356589,331,166,1991,62647,367.9147944,0.415391907,0.774773281
ID5664,5664,9,51.14910889,25.16559824,24.09014532,0,35,7,0.65,1,,616.744186,466,192,2351,79560,426.1982424,0.468304585,0.923072176
ID5826,5826,9,22.53232956,25.81086999,23.76750945,0,65,13,0.65,1,,416.4496124,390,207,662,53722,114.1747538,0.296233602,1.667145168
ID6018,6018,9,20.13601685,25.91841528,23.55241887,0,115,23,0.65,1,,476.0465116,466,219,803,61410,112.6078553,0.257769526,1.732771118
ID6051,6051,9,30.67756653,25.7033247,23.98260003,0,125,25,0.65,1,,516.5193798,488,276,905,66631,151.4677204,0.362545411,1.814713016
ID5734,5734,9,55.22746277,25.38068882,23.87505474,0,50,10,0.65,1,,661.0620155,526,163,1928,85277,396.4628323,0.452436486,1.038795814
ID5862,5862,9,35.59832001,25.81086999,23.65996416,0,80,16,0.65,1,,577.1472868,534,268,1514,74452,223.7998234,0.352895369,1.345360471
ID5894,5894,9,37.03957748,25.91841528,23.55241887,0,85,17,0.65,1,,572.4108527,493,244,1508,73841,249.9929253,0.335170581,1.149580198
ID5927,5927,9,34.38991547,26.13350586,23.44487357,0,95,19,0.65,1,,530.8372093,485,253,1183,68478,195.4956358,0.368067787,1.461081627
ID5771,5771,9,46.06687927,25.59577941,23.98260003,0,60,12,0.65,1,,573.744186,462,186,1311,74013,310.1015781,0.424675636,1.103025787
ID5964,5964,9,24.2698288,26.02596057,23.44487357,0,105,21,0.65,1,,475.7906977,459,212,875,61377,149.8303559,0.280470602,1.391117667
ID5678,5678,9,47.560215,24.95050766,24.4127812,0,30,6,0.65,1,,609.5813953,499,197,1763,78636,332.7320313,0.452494411,1.14147351
ID5808,5808,9,46.81230927,25.27314353,24.19769062,0,45,9,0.65,1,,579.6821705,418,179,1587,74779,348.1373872,0.410361884,0.968959724
ID5649,5649,9,20.4928894,24.84296237,24.52032649,0,20,4,0.65,1,,382.3643411,346,148,864,49325,147.6779614,0.299324868,1.192934887
ID6001,6001,9,20.78040314,25.48823411,23.65996416,0,130,26,0.65,1,,380.0852713,315,173,1022,49031,170.5237809,0.249881042,0.891231874
ID6035,6035,9,29.19602394,25.7033247,23.87505474,0,120,24,0.65,1,,485.2093023,475,204,819,62592,163.5117386,0.352681818,1.547382197
ID5844,5844,9,41.69713974,25.7033247,24.09014532,0,70,14,0.65,1,,564.6666667,486,244,1521,72842,245.1523867,0.454949147,1.440459532
ID5876,5876,9,34.47729111,25.91841528,23.98260003,0,75,15,0.65,1,,576.8837209,572,207,1425,74418,210.8035085,0.421867898,1.623893991
ID5717,5717,9,18.45299339,25.27314353,24.52032649,0,25,5,0.65,1,,433,395,193,1102,55857,175.0607038,0.193712057,0.802761053
ID5910,5910,9,39.54297638,25.81086999,23.65996416,0,90,18,0.65,1,,596.503876,538,254,1358,76949,249.7907288,0.353018541,1.246122444
ID5751,5751,9,40.78807449,25.48823411,23.87505474,0,40,8,0.65,1,,563.7286822,481,194,1184,72721,266.7439887,0.393405089,1.193350633
ID5946,5946,9,39.54901886,26.02596057,23.55241887,0,100,20,0.65,1,,557.3023256,488,181,1237,71892,258.6456796,0.399973292,1.23119506
ID5789,5789,9,46.95985413,25.38068882,23.87505474,0,55,11,0.65,1,,565.8294574,431,157,1362,72992,317.4633129,0.424547961,1.062359947
ID5982,5982,9,20.5223465,25.91841528,23.44487357,0,110,22,0.65,1,,453.6434109,467,230,658,58520,119.8444825,0.242872595,1.479375629
ID5698,5698,10,35.12078094,15.27143141,24.73541707,0,10,2,0.65,1,,464.8527132,408,168,1206,59966,245.7322953,0.407648408,1.095657171
ID5827,5827,10,35.31116486,14.51861437,24.84296237,0,65,13,0.65,1,,463.3953488,381,160,1303,59778,261.2654128,0.428768587,1.064537127
ID6019,6019,10,28.25153542,14.51861437,24.95050766,0,115,23,0.65,1,,421.372093,320,155,1160,54357,235.8329013,0.348322381,0.923164314
ID6147,6147,10,29.64825058,14.73370495,24.62787178,0,155,31,0.65,1,,452.5271318,401,153,1103,58376,236.9635744,0.381133011,1.053984165
ID6084,6084,10,28.27706146,14.51861437,24.84296237,0,140,28,0.65,1,,436.9767442,361,170,1020,56370,227.0981845,0.360772568,1.020287626
ID5896,5896,10,29.33243561,14.62615966,24.84296237,0,85,17,0.65,1,,431.1860465,370,148,1169,55623,241.3342394,0.368440475,0.962093266
ID5772,5772,10,38.42975616,14.62615966,24.73541707,0,60,12,0.65,1,,454.1395349,335,156,1567,58584,310.6307028,0.424623907,0.871523579
ID5966,5966,10,28.33733749,14.51861437,24.95050766,0,105,21,0.65,1,,452.496124,373,143,1222,58372,244.4711168,0.366401548,0.992650251
ID6160,6160,10,29.89372826,14.84125024,24.73541707,0,165,33,0.65,1,,450.3333333,393,156,1054,58093,237.1538376,0.386234694,1.058152961
ID5650,5650,10,40.18894577,15.05634083,24.84296237,0,20,4,0.65,1,,476.6356589,357,170,1180,61486,278.7601718,0.442560025,1.049117406
ID6036,6036,10,27.67946815,14.51861437,24.95050766,0,120,24,0.65,1,,411.7209302,330,163,940,53112,224.4081444,0.344417818,0.940038579
ID5589,5589,10,38.76964951,15.16388612,24.73541707,0,5,1,0.65,1,,491.4108527,413,161,1355,63392,275.8917534,0.43859399,1.086076595
ID5845,5845,10,35.81481171,14.62615966,24.84296237,0,70,14,0.65,1,,454.8914729,355,138,1342,58681,266.9881563,0.417922732,1.004359575
ID6101,6101,10,31.07957268,14.51861437,24.73541707,0,145,29,0.65,1,,448.6821705,376,152,1209,57880,255.7309983,0.379840703,0.965957421
ID5718,5718,10,41.73248672,15.16388612,24.84296237,0,25,5,0.65,1,,485.5193798,374,150,1238,62632,291.2842013,0.462986212,1.054987855
ID5912,5912,10,32.0213623,14.84125024,24.95050766,0,90,18,0.65,1,,456.1007752,380,160,1277,58837,241.423443,0.395576049,1.070995998
ID6174,6174,10,30.05080795,14.84125024,24.73541707,0,170,34,0.65,1,,447.4728682,373,139,984,57724,245.6887665,0.366152978,0.976280558
ID5791,5791,10,39.94851685,14.73370495,24.73541707,0,55,11,0.65,1,,464.4496124,311,168,1312,59914,305.6918373,0.427971131,0.910709371
ID5984,5984,10,28.92150688,14.41106908,24.95050766,0,110,22,0.65,1,,440.6821705,369,160,1056,56848,238.4711718,0.366808606,0.991862342
ID5665,5665,10,44.67286682,15.05634083,24.73541707,0,35,7,0.65,1,,519.8449612,383,167,1316,67060,310.3882511,0.475802489,1.079933546
ID6052,6052,10,28.64079857,14.51861437,24.84296237,0,125,25,0.65,1,,444.4883721,371,150,1115,57339,233.80334,0.365000097,1.016716768
ID5863,5863,10,29.82986069,14.73370495,24.84296237,0,80,16,0.65,1,,437.3023256,366,152,1113,56412,223.517533,0.391865144,1.101639916
ID6119,6119,10,30.43882561,14.62615966,24.73541707,0,150,30,0.65,1,,444.6976744,362,152,1170,57366,252.0107762,0.373367354,0.959456666
ID5736,5736,10,41.53839874,14.84125024,24.84296237,0,50,10,0.65,1,,483.2403101,342,156,1389,62338,316.9004126,0.436570068,0.926824463
ID5928,5928,10,28.70735168,15.05634083,24.95050766,0,95,19,0.65,1,,453.7984496,396,179,1103,58540,210.2870575,0.373772728,1.174284097
ID5609,5609,10,38.59996033,15.27143141,24.73541707,0,15,3,0.65,1,,487.0155039,386,169,1285,62825,266.1350099,0.432393894,1.104810682
ID6188,6188,10,28.65334511,14.84125024,24.62787178,0,175,35,0.65,1,,449.1162791,382,148,1151,57936,233.8179924,0.374921941,1.047547392
ID5679,5679,10,43.50583267,15.16388612,24.73541707,0,30,6,0.65,1,,509.8604651,396,126,1415,65772,304.0349935,0.476208972,1.081950755
ID5809,5809,10,39.2254715,15.05634083,24.84296237,0,45,9,0.65,1,,483.3023256,385,179,1231,62346,272.8223038,0.436769661,1.077046177
ID6002,6002,10,28.51075935,14.51861437,24.73541707,0,130,26,0.65,1,,449.1317829,389,155,1059,57938,218.8522754,0.355801224,1.077120111
ID5877,5877,10,34.55155182,14.73370495,24.84296237,0,75,15,0.65,1,,453.7906977,372,155,1270,58539,244.9711933,0.412447652,1.08184998
ID6069,6069,10,27.14436913,14.51861437,24.73541707,0,135,27,0.65,1,,437.1085271,371,188,1048,56387,206.8947589,0.351542196,1.099050472
ID6133,6133,10,29.79639244,14.84125024,24.62787178,0,160,32,0.65,1,,443.2945736,387,155,1048,57185,238.5950218,0.376715331,1.016787454
ID5753,5753,10,41.27207947,15.16388612,24.73541707,0,40,8,0.65,1,,500.8217054,383,157,1288,64606,285.0534064,0.449338972,1.089409155
ID5947,5947,10,23.24902344,15.27143141,24.84296237,0,100,20,0.65,1,,427.4263566,393,146,1369,55138,219.8103151,0.296394722,0.889152875
ID6204,6204,10,27.52216339,14.84125024,24.62787178,0,180,36,0.65,1,,450.3488372,401,137,1193,58095,229.1534233,0.355380325,1.030587558
ID5629,5629,10,41.34452438,15.16388612,24.84296237,0,0,0,0.65,1,,490.4108527,350,159,1320,63263,315.2457774,0.454063315,0.971569534
ID5682,5682,11,19.84023476,7.31307983,4.516902248,0,10,2,0.65,1,,383.0852713,356,190,790,49418,138.9210675,0.232459646,1.040236775
ID5634,5634,11,17.21700668,7.31307983,4.516902248,0,20,4,0.65,1,,361.5891473,349,181,640,46645,116.2633468,0.213421491,1.094029492
ID5575,5575,11,18.2883606,7.205534539,4.516902248,0,5,1,0.65,1,,374.1317829,348,146,845,48263,134.6720774,0.224448488,1.01848164
ID5703,5703,11,20.15386391,7.205534539,4.516902248,0,25,5,0.65,1,,392.9922481,376,155,846,50696,142.1380544,0.241749048,1.076550854
ID5595,5595,11,18.56404686,7.31307983,4.516902248,0,15,3,0.65,1,,375.255814,347,173,748,48408,136.0116194,0.218393616,0.989085279
ID5613,5613,11,19.79685593,7.31307983,4.516902248,0,0,0,0.65,1,,385.2790698,358,155,1000,49701,165.4522201,0.230432524,0.872205432
ID5683,5683,12,17.18662071,20.97133187,4.947083415,0,10,2,0.65,1,,289.3023256,221,129,1019,37320,189.970993,0.23323234,0.576021233
ID5576,5576,12,17.16404533,21.07887716,4.947083415,0,5,1,0.65,1,,294.6821705,223,130,1200,38014,204.4056546,0.222636309,0.525036691
ID5614,5614,12,16.99670982,20.97133187,5.054628706,0,0,0,0.65,1,,285.0852713,204,127,1253,36776,202.4472165,0.237090355,0.539765886
ID5685,5685,13,16.66823196,25.27314353,5.377264581,0,10,2,0.65,1,,297.4883721,230,132,762,38376,156.396687,0.230679637,0.713077423
ID5577,5577,13,17.45354843,25.27314353,5.377264581,0,5,1,0.65,1,,306.4031008,236,138,872,39526,167.7135541,0.232591191,0.689491937
ID5616,5616,14,27.40818214,29.79004578,10.75452916,0,0,0,0.65,1,,403.3023256,308,149,1312,52026,222.0242669,0.35133331,0.944532971
ID5637,5637,14,20.94362068,29.79004578,10.324348,0,20,4,0.65,1,,331.9612403,257,150,1216,42823,199.1318817,0.289293532,0.748106618
ID5687,5687,14,27.88617134,29.68250049,10.43189329,0,10,2,0.65,1,,380.6899225,286,148,1072,49109,222.0210364,0.35770848,0.903503743
ID5706,5706,14,21.45913887,29.79004578,10.43189329,0,25,5,0.65,1,,333.4031008,267,154,999,43009,174.430346,0.310925266,0.906683409
ID5579,5579,14,25.88820076,29.79004578,10.43189329,0,5,1,0.65,1,,371.5581395,281,147,1068,47931,219.5183971,0.332423662,0.844569601
ID5597,5597,14,24.83446693,29.5749552,10.43189329,0,15,3,0.65,1,,360.627907,259,147,1230,46521,223.5585099,0.324095945,0.789682044
ID5602,5602,15,21.48069382,30.32777224,20.5411507,0,15,3,0.65,1,,416.5193798,345,135,1279,53731,249.4784591,0.228847708,0.62184287
ID5746,5746,15,18.43249321,30.97304399,20.43360541,0,40,8,0.65,1,,297.8914729,253,129,626,38428,130.1439852,0.291341281,1.032820755
ID5622,5622,15,24.32084465,29.89759107,20.75624128,0,0,0,0.65,1,,495.1317829,471,149,1140,63872,247.8867364,0.276998892,0.866532832
ID5642,5642,15,18.27841949,30.22022695,20.5411507,0,20,4,0.65,1,,397.0310078,361,129,1057,51217,191.7364703,0.206129583,0.707776353
ID5658,5658,15,19.39255905,30.97304399,20.43360541,0,35,7,0.65,1,,306.9534884,254,133,650,39597,140.0224792,0.299328792,1.010029914
ID5692,5692,15,23.24150085,30.43531753,20.5411507,0,10,2,0.65,1,,410.5581395,359,133,1367,52962,257.2842515,0.281514456,0.701081731
ID5583,5583,15,26.34012604,30.00513636,20.5411507,0,5,1,0.65,1,,510.6976744,449,121,1386,65880,278.8071299,0.316428169,0.880578285
ID5711,5711,15,17.34727287,30.22022695,20.43360541,0,25,5,0.65,1,,390.4496124,359,133,930,50368,173.7410502,0.179776453,0.684897582
ID5731,5731,16,26.09060097,26.67123232,21.61660362,0,50,10,0.65,1,,396.3410853,309,164,1343,51128,239.9982909,0.278457944,0.719389521
ID5604,5604,16,49.33922577,27.96177582,21.61660362,0,15,3,0.65,1,,625.496124,534,176,1600,80689,338.4487619,0.426278272,1.104715937
ID5860,5860,16,21.8292942,26.45614174,21.8316942,0,80,16,0.65,1,,340.1860465,257,162,888,43884,190.3982573,0.299172045,0.822882575
ID5892,5892,16,18.52542114,26.77877761,21.61660362,0,85,17,0.65,1,,355.5968992,295,154,982,45872,178.4520033,0.223797576,0.728806644
ID5924,5924,16,22.26861763,26.56368703,21.93923949,0,95,19,0.65,1,,379.0077519,290,167,1328,48892,230.0547658,0.217904168,0.589520992
ID5767,5767,16,21.39211273,26.56368703,21.61660362,0,60,12,0.65,1,,381.8914729,313,155,1210,49264,214.8838073,0.23700631,0.681011209
ID5644,5644,16,49.20866013,27.85423053,21.61660362,0,20,4,0.65,1,,632.1162791,549,217,1543,81543,307.6867479,0.440019399,1.25551429
ID5804,5804,16,22.60864067,26.56368703,21.8316942,0,45,9,0.65,1,,378.8682171,321,167,1391,48874,226.0861762,0.263244307,0.698418604
ID5584,5584,16,31.46529961,27.96177582,21.40151303,0,5,1,0.65,1,,532.6046512,461,196,1488,68706,279.9136144,0.293346099,0.863130549
ID5712,5712,16,39.82994461,27.85423053,21.61660362,0,25,5,0.65,1,,580.9379845,534,194,1501,74941,271.0227663,0.360257677,1.135392587
ID5841,5841,16,26.74223137,26.34859645,21.93923949,0,70,14,0.65,1,,367.9534884,279,148,1021,47466,215.3034146,0.365733431,0.915315301
ID5874,5874,16,26.77831459,26.45614174,21.93923949,0,75,15,0.65,1,,364.7751938,268,158,977,47056,210.6847185,0.354210857,0.905728082
ID5907,5907,16,25.44275475,26.67123232,21.72414891,0,90,18,0.65,1,,367.9302326,290,158,1170,47463,206.6958509,0.335985078,0.89532785
ID5748,5748,16,18.26821136,27.74668524,21.50905832,0,40,8,0.65,1,,427.6821705,405,230,756,55171,114.7577601,0.199072397,1.237470111
ID5623,5623,16,21.14237785,27.74668524,21.72414891,0,0,0,0.65,1,,427.3410853,400,163,919,55127,154.2877029,0.231892844,1.042768121
ID5943,5943,16,16.94130707,26.67123232,21.8316942,0,100,20,0.65,1,,336.0620155,277,150,900,43352,161.2603074,0.192798681,0.673688057
ID5786,5786,16,23.57786369,26.56368703,21.72414891,0,55,11,0.65,1,,395.2248062,306,153,1265,50984,219.6961766,0.273146378,0.77191379
ID5660,5660,16,17.82442856,26.77877761,21.50905832,0,35,7,0.65,1,,368.6356589,345,175,1082,47554,157.7751039,0.221271636,0.846646933
ID5693,5693,16,47.02800751,28.06932111,21.29396774,0,10,2,0.65,1,,643.7286822,552,192,2468,83041,423.5497822,0.405333508,0.876721181
ID5823,5823,16,25.0136013,26.56368703,21.8316942,0,65,13,0.65,1,,399.1627907,331,146,1053,51492,216.597798,0.296317726,0.842504406
ID5648,5648,17,28.70516586,30.11268165,23.98260003,0,20,4,0.65,1,,384.2713178,327,136,830,49571,181.7136635,0.397775963,1.203597701
ID5697,5697,17,28.46256256,30.22022695,24.19769062,0,10,2,0.65,1,,391.3953488,324,174,822,50490,177.7918559,0.386373119,1.227045218
ID5588,5588,17,31.10629272,30.22022695,24.09014532,0,5,1,0.65,1,,410.6899225,344,193,1033,52979,204.6477079,0.413913238,1.174961708
ID5716,5716,17,33.96121979,30.22022695,23.98260003,0,25,5,0.65,1,,412.124031,314,168,1174,53164,246.3986229,0.42906847,1.004368823
ID5608,5608,17,24.95419312,30.11268165,24.09014532,0,15,3,0.65,1,,369.6666667,315,171,683,47687,146.361407,0.370690746,1.366110958
ID5628,5628,17,24.71778488,30.54286282,24.73541707,0,0,0,0.65,1,,387.6666667,345,196,769,50009,136.2153243,0.347765785,1.468706144
ID5677,5677,17,25.00324249,30.11268165,24.09014532,0,30,6,0.65,1,,363.2170543,316,159,785,46855,154.5099087,0.365186825,1.257659002
ID5699,5699,18,28.60383606,22.15433007,25.38068882,0,10,2,0.65,1,,442.0930233,373,175,1011,57030,195.5695385,0.331621617,1.125911984
ID5651,5651,18,28.27698517,22.36942066,25.27314353,0,20,4,0.65,1,,418.6744186,358,170,1123,54009,220.6566253,0.317376301,0.914227114
ID5591,5591,18,23.76445007,21.93923949,25.27314353,0,5,1,0.65,1,,397.0232558,366,174,795,51216,154.009307,0.280507362,1.129434785
ID5719,5719,18,50.73862457,23.98260003,24.84296237,0,25,5,0.65,1,,587.0852713,465,156,1625,75734,358.1187615,0.463319998,1.038115904
ID5610,5610,18,28.8379364,22.15433007,25.27314353,0,15,3,0.65,1,,432.1472868,362,181,923,55747,193.8205154,0.333227706,1.114548098
ID5631,5631,18,23.96827316,21.93923949,25.48823411,0,0,0,0.65,1,,413.1085271,371,194,763,53291,147.2552121,0.294111196,1.275156363
ID5632,5632,19,26.85227394,10.324348,3.33390404,0,20,4,0.65,1,,362.5503876,247,135,1264,46769,264.2843805,0.323087048,0.669974083
ID5681,5681,19,23.75415802,10.53943858,3.118813457,0,10,2,0.65,1,,354.9767442,255,139,1317,45792,247.3741304,0.308302793,0.67630844
ID5668,5668,19,25.32881927,10.43189329,3.548994624,0,30,6,0.65,1,,367.8139535,261,151,1500,47448,266.0895575,0.327522888,0.682071655
ID5701,5701,19,20.73950386,10.64698387,3.33390404,0,25,5,0.65,1,,345.8992248,265,141,1083,44621,200.4725217,0.290757719,0.777340424
ID5593,5593,19,24.62896919,10.43189329,3.33390404,0,15,3,0.65,1,,359.3875969,242,137,1738,46361,305.6725247,0.317736356,0.566989555
ID5633,5633,20,16.6750946,12.47525383,3.764085207,0,20,4,0.65,1,,325.5581395,268,165,1194,41997,162.9793846,0.24270904,0.780265445
ID5702,5702,20,17.09093094,12.47525383,3.764085207,0,25,5,0.65,1,,329.5581395,273,166,1288,42513,168.2210184,0.243136155,0.766324352
ID5594,5594,20,17.20782852,12.47525383,3.764085207,0,15,3,0.65,1,,323.8294574,262,163,1296,41774,171.2145093,0.24351437,0.74076349
ID5638,5638,21,57.78922653,29.03722874,13.22807087,0,20,4,0.65,1,,943.5193798,912,293,1785,121714,333.5783524,0.352978322,1.475842991
ID5689,5689,21,36.1104126,29.03722874,13.65825204,0,10,2,0.65,1,,820.8217054,862,290,1386,105886,270.8821656,0.210304998,1.053060158
ID5707,5707,21,72.98188019,29.14477403,13.22807087,0,25,5,0.65,1,,1127.333333,1081,379,1933,145426,405.3922933,0.397034727,1.580622458
ID5598,5598,21,53.41841888,29.03722874,13.22807087,0,15,3,0.65,1,,924.9612403,915,336,1634,119320,340.9727446,0.349715099,1.405743686
ID5793,5793,22,25.16179466,28.71459286,26.56368703,0,55,11,0.65,1,,375.5271318,321,172,842,48443,166.1220879,0.348538655,1.168507453
ID5986,5986,22,29.44086838,28.82213816,26.24105116,0,110,22,0.65,1,,398.0542636,323,168,1076,51349,211.5807437,0.365740872,1.007630549
ID5667,5667,22,21.03511238,29.14477403,26.02596057,0,35,7,0.65,1,,359.875969,327,159,741,46424,119.7239016,0.323045186,1.467880083
ID6021,6021,22,23.08130455,28.92968345,26.34859645,0,115,23,0.65,1,,359.1395349,305,175,767,46329,149.3494614,0.324552662,1.178434631
ID6053,6053,22,18.21794701,30.11268165,25.48823411,0,125,25,0.65,1,,340,316,183,624,43860,102.9658621,0.290010091,1.48468956
ID5830,5830,22,24.52828979,28.49950228,26.56368703,0,65,13,0.65,1,,372.1782946,329,147,790,48011,153.0106435,0.349460102,1.259786489
ID5865,5865,22,19.87252426,28.60704757,26.56368703,0,80,16,0.65,1,,345.2170543,307,189,679,44533,117.5094385,0.297525579,1.347280015
ID5738,5738,22,27.31044388,28.82213816,26.45614174,0,50,10,0.65,1,,389.0232558,316,168,982,50184,185.4333381,0.359306356,1.109086186
ID5931,5931,22,22.26844597,29.25231932,25.81086999,0,95,19,0.65,1,,365.6976744,327,187,651,47175,128.0298186,0.330927462,1.420428857
ID5774,5774,22,24.3074894,28.60704757,26.34859645,0,60,12,0.65,1,,374.2015504,345,168,826,48272,158.0623581,0.341385418,1.205031797
ID5968,5968,22,18.41923332,28.71459286,26.45614174,0,105,21,0.65,1,,333.3410853,305,166,646,43001,109.7459777,0.284082563,1.343946121
ID5811,5811,22,24.48547935,29.14477403,26.13350586,0,45,9,0.65,1,,388.1705426,353,168,776,50074,145.51198,0.349352517,1.381313555
ID6004,6004,22,19.33891296,29.79004578,25.7033247,0,130,26,0.65,1,,341.6744186,317,164,643,44076,111.2360358,0.306490815,1.441146263
ID6038,6038,22,20.6872654,28.82213816,26.13350586,0,120,24,0.65,1,,349.5193798,322,153,637,45088,122.6025146,0.309731355,1.348356791
ID5847,5847,22,28.73737717,28.39195699,26.9938682,0,70,14,0.65,1,,394.2170543,339,166,893,50854,183.7755068,0.38380134,1.189900139
ID5879,5879,22,30.51872063,28.49950228,26.56368703,0,75,15,0.65,1,,411.6511628,336,161,1024,53103,206.6398834,0.393556714,1.125195202
ID5914,5914,22,26.69292068,28.92968345,26.24105116,0,90,18,0.65,1,,381.6744186,319,144,848,49236,176.2612214,0.347358639,1.116506271
ID5755,5755,22,29.76450539,29.46740991,25.91841528,0,40,8,0.65,1,,413.5426357,359,183,897,53347,184.5578757,0.403484152,1.288358339
ID5951,5951,22,17.79316521,28.71459286,26.56368703,0,100,20,0.65,1,,324.0077519,294,151,610,41797,110.1117682,0.27320199,1.262810573
ID5953,5953,23,23.45051193,25.27314353,5.484809873,0,105,21,0.65,1,,372.6434109,263,155,1151,48071,237.9953978,0.296403304,0.715974895
ID6149,6149,23,19.66758919,25.27314353,5.377264581,0,165,33,0.65,1,,320.1937984,234,150,938,41305,199.5688743,0.265549102,0.673311359
ID6022,6022,23,23.38711929,25.27314353,5.484809873,0,120,24,0.65,1,,381.8604651,293,136,1032,49260,217.2342753,0.31298206,0.838044338
ID6087,6087,23,24.47698593,25.27314353,5.377264581,0,145,29,0.65,1,,356.4883721,242,141,1279,45987,262.8398133,0.291975443,0.613022312
ID5832,5832,23,18.99496841,25.27314353,5.377264581,0,70,14,0.65,1,,328.2325581,242,153,1096,42342,205.7695735,0.216572262,0.567930794
ID5899,5899,23,22.99344635,25.27314353,5.377264581,0,90,18,0.65,1,,357.3100775,261,134,1227,46093,235.5282891,0.261829207,0.629578223
ID5776,5776,23,20.60758209,25.27314353,5.377264581,0,55,11,0.65,1,,341.6124031,260,150,1008,44068,204.1910988,0.256300993,0.682626912
ID6162,6162,23,21.7591362,25.27314353,5.377264581,0,170,34,0.65,1,,331.875969,229,154,1043,42812,224.7830206,0.277914248,0.64217205
ID5971,5971,23,23.28713417,25.16559824,5.484809873,0,110,22,0.65,1,,379.379845,293,159,1032,48940,216.0462622,0.327590463,0.866611842
ID5653,5653,23,20.08788109,25.27314353,5.377264581,0,35,7,0.65,1,,323.0155039,232,153,1016,41669,205.0988323,0.22211031,0.572464402
ID6104,6104,23,25.25623322,25.27314353,5.377264581,0,150,30,0.65,1,,363.3178295,236,147,1292,46868,275.6930467,0.297425013,0.604207506
ID6041,6041,23,28.05851746,25.27314353,5.592355164,0,125,25,0.65,1,,407.7596899,294,159,1141,52601,244.5191638,0.368744727,0.898513783
ID5722,5722,23,19.4669342,25.27314353,5.377264581,0,50,10,0.65,1,,326.7209302,241,149,946,42147,199.1273924,0.231271411,0.6163737
ID5850,5850,23,21.67667007,25.27314353,5.377264581,0,80,16,0.65,1,,352.4341085,255,151,1134,45464,227.0682663,0.248699234,0.618255639
ID5916,5916,23,23.53478241,25.27314353,5.377264581,0,95,19,0.65,1,,359.1162791,250,146,1272,46326,256.2593787,0.25992355,0.57821154
ID6177,6177,23,21.71518135,25.27314353,5.377264581,0,175,35,0.65,1,,334.7131783,234,148,1117,43178,229.2168458,0.28944796,0.655575854
ID5795,5795,23,18.35709,25.27314353,5.377264581,0,45,9,0.65,1,,316.1317829,239,150,928,40781,179.8672418,0.220908548,0.636026876
ID5989,5989,23,30.00660896,25.27314353,5.484809873,0,130,26,0.65,1,,420.7364341,292,153,1259,54275,273.9359106,0.366818743,0.824388152
ID6057,6057,23,26.67256927,25.27314353,5.377264581,0,135,27,0.65,1,,377.3410853,244,150,1380,48677,296.3705318,0.274914095,0.549092048
ID6121,6121,23,21.17094231,25.27314353,5.377264581,0,160,32,0.65,1,,330.0310078,236,140,1038,42574,208.6291169,0.276461846,0.685231292
ID5866,5866,23,18.89812088,25.27314353,5.377264581,0,75,15,0.65,1,,323.5116279,249,154,965,41733,186.6208186,0.223460814,0.633244042
ID5739,5739,23,18.5734787,25.27314353,5.377264581,0,40,8,0.65,1,,315.7054264,229,147,902,40726,191.4771283,0.219965609,0.5945691
ID5933,5933,23,24.71297264,25.27314353,5.377264581,0,100,20,0.65,1,,370.3643411,260,152,1230,47777,258.2595272,0.267038165,0.604486281
ID6192,6192,23,20.46161652,25.16559824,5.377264581,0,180,36,0.65,1,,331.0852713,234,155,1075,42710,216.7198664,0.275073977,0.659151517
ID5813,5813,23,20.72706413,25.27314353,5.377264581,0,65,13,0.65,1,,337.627907,249,142,962,43554,205.292515,0.233768915,0.623229719
ID6007,6007,23,29.69290543,25.27314353,5.592355164,0,115,23,0.65,1,,405.4496124,291,164,1139,52303,248.7669266,0.364227542,0.870282427
ID6135,6135,23,23.91977882,25.27314353,5.377264581,0,155,31,0.65,1,,349.372093,234,122,1137,45069,250.8325534,0.282206377,0.613116775
ID6072,6072,23,25.25907135,25.27314353,5.377264581,0,140,28,0.65,1,,362.5271318,239,160,1305,46766,281.1999144,0.283335033,0.569266403
ID5883,5883,23,24.9258709,25.27314353,5.377264581,0,85,17,0.65,1,,378.4651163,262,139,1176,48822,255.9296793,0.286331171,0.658341201
ID5758,5758,23,25.44733047,25.16559824,5.484809873,0,60,12,0.65,1,,401.6046512,315,166,1079,51807,226.536125,0.367274023,0.952414309
ID5590,5590,24,17.82672119,24.62787178,24.84296237,0,5,1,0.65,1,,381.2093023,354,163,703,49176,125.3002441,0.309347227,1.437583114
ID5627,5627,24,20.47997856,24.52032649,24.52032649,0,0,0,0.65,1,,369.875969,316,143,1343,47714,195.5759127,0.300873441,0.874821709
ID5760,5760,25,23.08942795,29.5749552,10.86207445,0,60,12,0.65,1,,353.496124,272,145,1294,45601,219.930178,0.315298343,0.770596871
ID5779,5779,25,16.7791748,29.89759107,10.86207445,0,55,11,0.65,1,,289.0155039,235,146,876,37283,138.9820124,0.266490344,0.875129119
ID5797,5797,25,20.73372078,29.89759107,10.75452916,0,45,9,0.65,1,,317.2635659,250,146,1008,40927,173.6247534,0.310789662,0.866507071
ID5815,5815,25,22.36693192,29.46740991,10.75452916,0,65,13,0.65,1,,334.1395349,247,123,1112,43104,208.9920656,0.276420633,0.692475962
ID5741,5741,25,20.45203781,30.32777224,10.96961975,0,40,8,0.65,1,,318.6976744,254,145,1081,41112,171.0240574,0.311855316,0.885969757
ID5744,5744,26,24.55924416,10.10925741,18.49779016,0,40,8,0.65,1,,366.6976744,328,161,787,47304,146.8390703,0.369917658,1.348674433
ID5856,5856,26,31.31440735,9.894166829,18.06760899,0,80,16,0.65,1,,404.2403101,329,140,951,52147,205.7223089,0.424559636,1.171241067
ID5763,5763,26,27.23849106,9.894166829,18.39024487,0,60,12,0.65,1,,381.9534884,318,132,929,49272,180.0955415,0.383399472,1.175550851
ID5782,5782,26,30.13100624,9.894166829,18.60533545,0,55,11,0.65,1,,405.1937984,354,169,903,52270,189.3217366,0.396938991,1.216294178
ID5800,5800,26,33.38222504,10.10925741,18.71288074,0,45,9,0.65,1,,420.1782946,322,139,1113,54203,234.8304391,0.41295745,1.045888629
ID5818,5818,26,42.14841461,9.679076246,18.06760899,0,65,13,0.65,1,,457.9689922,308,142,1913,59078,367.236171,0.476791373,0.805248382
ID5836,5836,26,37.38071442,9.786621538,18.17515428,0,70,14,0.65,1,,437.6976744,301,135,1632,56463,298.4758053,0.450771687,0.911281725
ID5726,5726,26,28.5212574,10.00171212,18.71288074,0,50,10,0.65,1,,389.6124031,330,149,902,50260,187.4629259,0.383664367,1.15257206
ID5870,5870,26,36.06917191,9.894166829,18.17515428,0,75,15,0.65,1,,434.7054264,303,156,1386,56077,270.792858,0.430081925,0.965557462
ID6080,6080,27,66.0226593,9.571530955,18.92797133,0,140,28,0.65,1,,696.3953488,483,127,4165,89835,704.3965327,0.558944071,0.708935081
ID5890,5890,27,27.23879051,9.679076246,19.68078837,0,85,17,0.65,1,,428.0077519,370,188,929,55213,176.1849391,0.326981194,1.197211438
ID5765,5765,27,26.69750977,10.00171212,20.5411507,0,60,12,0.65,1,,416.4496124,373,169,922,53722,177.8890086,0.33314902,1.17004667
ID5960,5960,27,52.76118088,10.00171212,19.57324308,0,105,21,0.65,1,,639.7286822,442,178,3507,82525,582.5837219,0.47786015,0.71012524
ID6155,6155,27,37.11827469,9.679076246,18.39024487,0,165,33,0.65,1,,445.4186047,337,145,1634,57459,321.8455253,0.415411206,0.812356111
ID6029,6029,27,53.56847382,9.679076246,19.35815249,0,120,24,0.65,1,,635.8294574,455,169,3383,82022,571.4368147,0.5203595,0.761657318
ID5838,5838,27,21.87020111,9.679076246,20.43360541,0,70,14,0.65,1,,414.3333333,413,174,679,53449,119.2221753,0.303222029,1.617205332
ID6096,6096,27,45.54611969,9.571530955,18.60533545,0,145,29,0.65,1,,534.2635659,354,150,2508,68920,430.4373052,0.471826873,0.795795712
ID5905,5905,27,50.74931717,10.00171212,19.46569778,0,90,18,0.65,1,,662.8449612,607,201,2328,85507,368.5483018,0.503649634,1.204840092
ID5784,5784,27,23.92363548,10.2168027,20.75624128,0,55,11,0.65,1,,417.2403101,365,158,888,53824,167.0701937,0.27328539,1.072032466
ID6169,6169,27,35.75075912,9.679076246,18.28269958,0,170,34,0.65,1,,439.1085271,328,157,1545,56645,297.5402347,0.391101271,0.829825249
ID5978,5978,27,50.25105286,9.786621538,19.35815249,0,110,22,0.65,1,,605.8992248,406,169,2934,78161,517.2682731,0.486344898,0.766547936
ID6047,6047,27,53.44182968,10.00171212,19.35815249,0,125,25,0.65,1,,630.9534884,397,158,3919,81393,655.2729734,0.486463771,0.630233173
ID6112,6112,27,37.39507294,9.679076246,18.39024487,0,150,30,0.65,1,,453.5736434,315,133,1930,58511,360.1294206,0.421684995,0.747143412
ID5729,5729,27,20.8012867,10.43189329,20.86378658,0,50,10,0.65,1,,405.9224806,373,192,873,52364,142.5325956,0.249964742,1.139042416
ID5858,5858,27,24.06343842,9.571530955,20.00342424,0,80,16,0.65,1,,456.5658915,436,206,1318,58897,180.5426648,0.368659667,1.362334541
ID5922,5922,27,54.32279205,10.00171212,19.46569778,0,95,19,0.65,1,,657.1395349,519,183,3351,84771,532.8642496,0.506858536,0.829631608
ID6183,6183,27,32.61816406,9.786621538,18.71288074,0,175,35,0.65,1,,422.0232558,314,151,1312,54441,270.3236043,0.373248464,0.848655279
ID5802,5802,27,20.82126808,10.324348,20.86378658,0,45,9,0.65,1,,416.744186,403,150,824,53760,130.8814635,0.268710788,1.348788556
ID5996,5996,27,53.6676445,9.786621538,19.46569778,0,130,26,0.65,1,,669.9922481,464,173,3843,86429,612.0524321,0.505582177,0.735188045
ID6127,6127,27,37.09262085,9.571530955,18.17515428,0,160,32,0.65,1,,439.9147287,300,124,1572,56749,322.2185553,0.424402104,0.813566157
ID5872,5872,27,24.85531616,9.679076246,20.43360541,0,75,15,0.65,1,,423.8682171,411,158,749,54679,148.4594,0.315657575,1.370018694
ID6065,6065,27,61.71710205,9.571530955,19.14306191,0,135,27,0.65,1,,688.2248062,488,184,3732,88781,629.418286,0.563521051,0.788183562
ID5941,5941,27,52.72277451,9.786621538,19.57324308,0,100,20,0.65,1,,613.875969,436,146,3175,79190,576.7967852,0.487530247,0.697627444
ID6199,6199,27,31.70492935,10.10925741,19.35815249,0,180,36,0.65,1,,413.1162791,314,135,1344,53292,263.9700394,0.3813052,0.864033833
ID5820,5820,27,24.26159477,9.894166829,20.43360541,0,65,13,0.65,1,,412.9844961,400,179,688,53275,130.3776357,0.347092578,1.632332121
ID6013,6013,27,52.43001175,9.679076246,19.46569778,0,115,23,0.65,1,,622.0077519,437,142,3457,80239,584.2565588,0.501171275,0.710850252
ID6142,6142,27,39.87699509,9.786621538,18.28269958,0,155,31,0.65,1,,463.6356589,301,137,2140,59809,404.694965,0.426594561,0.6851628
ID5794,5794,28,19.11984825,10.53943858,3.441449332,0,45,9,0.65,1,,351.3178295,274,146,972,45320,199.5140966,0.296620685,0.805647545
ID5812,5812,28,20.65144348,10.43189329,3.441449332,0,65,13,0.65,1,,332.3643411,269,156,1008,42875,176.5891656,0.282358043,0.828841003
ID5831,5831,28,24.39286041,10.43189329,3.33390404,0,70,14,0.65,1,,341.2403101,246,150,1328,44020,247.9239984,0.313165545,0.656487182
ID5848,5848,28,23.07104492,10.10925741,3.118813457,0,80,16,0.65,1,,323.7751938,236,132,1118,41767,206.3030705,0.313947019,0.749974307
ID5721,5721,28,26.69453621,10.324348,3.548994624,0,50,10,0.65,1,,356.3643411,241,141,1373,45971,273.732589,0.325514998,0.639416868
ID5881,5881,28,22.90696144,10.2168027,3.118813457,0,85,17,0.65,1,,324.6356589,234,128,997,41878,197.8628762,0.313253818,0.782725714
ID5756,5756,28,26.04068184,9.894166829,3.871630498,0,60,12,0.65,1,,357.5658915,233,119,1666,46126,318.9629643,0.300064994,0.517483003
ID5775,5775,28,21.23042488,10.2168027,3.548994624,0,55,11,0.65,1,,352.6666667,265,160,1178,45494,221.9922343,0.319503919,0.769346764
ID5873,5873,29,17.84124947,27.96177582,20.64869599,0,75,15,0.65,1,,351.7364341,329,175,700,45374,110.8658057,0.261047268,1.313522516
ID5906,5906,29,26.23849869,27.85423053,20.75624128,0,90,18,0.65,1,,378.2170543,303,136,1055,48790,220.0808076,0.305348302,0.804003673
ID5859,5859,29,19.20000458,27.96177582,20.64869599,0,80,16,0.65,1,,357.8914729,320,173,732,46168,126.4650545,0.273633967,1.216007307
ID5891,5891,29,25.58716965,27.53159466,20.86378658,0,85,17,0.65,1,,399.4883721,334,150,1094,51534,213.360944,0.271821688,0.800344735
ID5923,5923,29,17.90701675,27.42404936,21.07887716,0,95,19,0.65,1,,355.9612403,301,166,903,45919,165.4299041,0.171584055,0.630263509
ID5942,5942,29,22.7262764,27.31650407,20.75624128,0,100,20,0.65,1,,372.7751938,290,146,1110,48088,206.8115552,0.246504319,0.712907108
ID5961,5961,29,21.09902382,27.20895878,21.29396774,0,105,21,0.65,1,,385.5193798,356,141,785,49732,164.8514531,0.289618927,1.050386117
ID5979,5979,29,21.52178764,27.53159466,21.29396774,0,110,22,0.65,1,,382.3333333,321,161,1103,49321,186.466876,0.235690361,0.782172651
ID5822,5822,29,17.91541672,27.74668524,21.07887716,0,65,13,0.65,1,,357.9147287,305,162,765,46171,154.4675851,0.184376593,0.72142
ID6014,6014,29,17.72582054,26.77877761,21.61660362,0,115,23,0.65,1,,351.4651163,301,136,914,45339,165.0961863,0.216797993,0.758598456
ID5839,5839,29,21.51750565,27.85423053,20.86378658,0,70,14,0.65,1,,384.751938,351,188,832,49633,139.5509557,0.293262271,1.250396018
ID6031,6031,29,19.06148529,26.67123232,21.72414891,0,120,24,0.65,1,,384.3875969,305,155,1336,49586,210.9279835,0.172366197,0.535863248
ID5952,5952,30,17.16150665,23.01469241,4.839538123,0,105,21,0.65,1,,314.9224806,243,143,1133,40625,188.7229539,0.235616094,0.636400232
ID5849,5849,30,17.40738297,23.01469241,4.839538123,0,80,16,0.65,1,,316.4651163,239,135,1142,40824,192.2655653,0.239476212,0.636031338
ID5882,5882,30,18.56757545,23.01469241,4.839538123,0,85,17,0.65,1,,327.1782946,244,155,1222,42206,206.9946199,0.255866331,0.644058249
ID5898,5898,30,17.50564003,23.01469241,4.839538123,0,90,18,0.65,1,,316.0930233,244,138,1058,40776,179.759407,0.248638079,0.700300355
ID5915,5915,30,18.21233368,23.01469241,4.839538123,0,95,19,0.65,1,,318.875969,245,146,1109,41135,192.9148941,0.248265369,0.657499231
ID5932,5932,30,18.27534485,23.01469241,4.839538123,0,100,20,0.65,1,,318.8217054,235,146,1181,41128,204.8818428,0.243743623,0.609925512
ID5955,5955,31,21.36860466,13.33561616,6.882898664,0,105,21,0.65,1,,295.7286822,191,129,1315,38149,234.6096409,0.309127236,0.595296051
ID6179,6179,31,20.85550308,13.01298029,6.882898664,0,175,35,0.65,1,,292.4108527,201,115,1085,37721,207.0389687,0.305401868,0.66084384
ID5991,5991,31,22.14990616,13.22807087,6.990443956,0,130,26,0.65,1,,300.3255814,197,122,1261,38742,234.0162976,0.32674759,0.632121125
ID6151,6151,31,18.66176605,13.01298029,6.882898664,0,165,33,0.65,1,,278.9224806,203,128,918,35981,173.8552564,0.285413353,0.712454559
ID6024,6024,31,17.02610588,13.22807087,6.990443956,0,120,24,0.65,1,,267.7829457,193,136,886,34544,169.0080879,0.271458226,0.676560024
ID6090,6090,31,22.62387466,13.12052558,6.990443956,0,145,29,0.65,1,,304.3565891,202,129,1303,39262,246.9742142,0.32535788,0.605047202
ID6059,6059,31,24.92468452,13.12052558,6.990443956,0,135,27,0.65,1,,313.8992248,188,132,1417,40493,260.7314484,0.34262386,0.614454974
ID6123,6123,31,18.04987526,13.12052558,6.990443956,0,160,32,0.65,1,,273.8837209,202,120,961,35331,173.5576556,0.280218057,0.690819534
ID5901,5901,31,20.45909309,13.12052558,6.882898664,0,90,18,0.65,1,,285.6356589,196,136,998,36847,196.0194481,0.296165809,0.665913188
ID5935,5935,31,22.68963432,13.12052558,6.990443956,0,100,20,0.65,1,,300.6124031,205,133,1231,38779,235.1359085,0.321185822,0.621599127
ID6194,6194,31,20.65264511,13.12052558,6.775353372,0,180,36,0.65,1,,297.4263566,209,120,1128,38368,205.935092,0.303480482,0.672520182
ID6164,6164,31,20.43257713,13.01298029,6.882898664,0,170,34,0.65,1,,289.2248062,206,127,996,37310,194.5840211,0.304709429,0.694273283
ID5973,5973,31,17.69655037,13.12052558,6.882898664,0,110,22,0.65,1,,271.4263566,196,119,888,35014,170.6921926,0.274092865,0.684171536
ID6008,6008,31,19.4499836,13.12052558,6.882898664,0,115,23,0.65,1,,284.7054264,199,133,1084,36727,201.5146708,0.291779063,0.638241376
ID6137,6137,31,22.3663578,13.01298029,6.990443956,0,155,31,0.65,1,,301.2945736,204,129,1169,38867,216.4486589,0.321615736,0.677483146
ID6042,6042,31,19.24291229,13.12052558,6.990443956,0,125,25,0.65,1,,281.0310078,195,116,1161,36253,197.0945577,0.295799083,0.650981668
ID6074,6074,31,23.0010643,13.12052558,6.990443956,0,140,28,0.65,1,,303.6046512,197,127,1228,39165,237.5433322,0.32404419,0.625600851
ID6106,6106,31,22.77270699,13.12052558,6.990443956,0,150,30,0.65,1,,306.372093,198,130,1318,39522,244.9438096,0.328228952,0.618182454
ID5852,5852,31,19.43391037,13.01298029,6.990443956,0,80,16,0.65,1,,280.5348837,198,124,988,36189,183.920671,0.294674813,0.694334336
ID5885,5885,31,21.8172245,13.22807087,6.882898664,0,85,17,0.65,1,,303.3178295,202,136,1223,39128,228.4596855,0.324974384,0.651268401
ID5918,5918,31,20.34308052,13.22807087,6.882898664,0,95,19,0.65,1,,292.7596899,201,132,1132,37766,214.9424623,0.303290562,0.633923278
ID5853,5853,32,16.73744774,10.96961975,7.743260997,0,80,16,0.65,1,,274.6899225,198,132,987,35435,188.9438491,0.20502346,0.494706961
ID5886,5886,32,16.93806076,10.96961975,7.743260997,0,85,17,0.65,1,,277.9534884,187,128,1148,35856,204.3665847,0.210400343,0.472835028
ID6016,6016,33,25.59078789,26.77877761,23.22978299,0,115,23,0.65,1,,445.6821705,400,155,1009,57493,205.7029482,0.233474831,0.820208977
ID6032,6032,33,29.00553894,26.9938682,23.01469241,0,120,24,0.65,1,,444.0620155,350,151,1284,57284,261.0599414,0.270905496,0.725166851
ID6048,6048,33,29.47069168,26.9938682,23.01469241,0,125,25,0.65,1,,435.8062016,323,135,1304,56219,278.8783359,0.300650044,0.722452727
ID6082,6082,33,46.74674606,27.63913995,21.8316942,0,140,28,0.65,1,,739.2093023,682,223,1547,95358,359.5813902,0.367630705,1.105205778
ID6067,6067,33,33.66454697,27.10141349,22.26187537,0,135,27,0.65,1,,528.0930233,434,206,1588,68124,275.2937193,0.338025555,0.969235357
ID5895,5895,33,33.33347321,26.02596057,24.62787178,0,85,17,0.65,1,,480.9224806,372,157,1799,62039,341.3336118,0.262264378,0.585483955
ID5911,5911,33,34.66762543,26.02596057,24.4127812,0,90,18,0.65,1,,573.4341085,511,209,1889,73973,332.5357557,0.334226948,0.863946647
ID5929,5929,33,35.66667557,25.81086999,24.95050766,0,95,19,0.65,1,,466.0465116,329,139,1336,60120,313.086047,0.354815237,0.779682404
ID5948,5948,33,35.24337006,25.91841528,25.05805295,0,100,20,0.65,1,,460.751938,321,149,1340,59437,300.9029908,0.341154103,0.779009184
ID5965,5965,33,31.73403931,26.13350586,24.73541707,0,105,21,0.65,1,,463.2790698,393,145,1243,59763,270.8771336,0.299356081,0.788061719
ID5998,5998,33,31.60449982,26.9938682,22.58451124,0,130,26,0.65,1,,492.7286822,418,183,1347,63562,247.8020175,0.365347093,1.064132207
ID5983,5983,33,31.89404297,26.34859645,24.30523591,0,110,22,0.65,1,,502.1782946,481,181,1076,64781,211.992941,0.323439005,1.157857185
ID6000,6000,34,17.84810638,15.70161258,23.33732828,0,130,26,0.65,1,,357.248062,334,171,735,46085,117.6821083,0.243066113,1.18718835
ID6033,6033,34,22.41392326,15.59406729,23.22978299,0,120,24,0.65,1,,376,335,170,898,48504,153.0855561,0.291576832,1.108961301
ID6050,6050,34,19.91410637,15.70161258,23.33732828,0,125,25,0.65,1,,367.6046512,325,155,820,47421,141.5992043,0.274948935,1.11971999
ID5908,5908,34,18.68696594,15.91670316,23.22978299,0,90,18,0.65,1,,348.5658915,315,150,735,44965,126.4964701,0.259983049,1.137147516
ID5926,5926,34,17.76677322,15.91670316,23.22978299,0,95,19,0.65,1,,339.9379845,308,163,742,43852,128.8066472,0.238397649,1.016092544
ID5945,5945,34,20.99062538,15.59406729,23.1222377,0,100,20,0.65,1,,360.1550388,315,173,871,46460,145.6545812,0.28839557,1.106967077
ID5963,5963,34,20.92930222,15.48652199,23.1222377,0,105,21,0.65,1,,365.5813953,340,185,712,47160,129.0268684,0.300985371,1.311012702
ID5980,5980,34,20.62223053,15.3789767,23.1222377,0,110,22,0.65,1,,365.627907,340,167,828,47166,138.3181946,0.295849568,1.206997503
ID6015,6015,34,17.2778492,15.48652199,23.22978299,0,115,23,0.65,1,,348.1627907,342,167,635,44913,103.6343324,0.253366124,1.358248678
ID5956,5956,35,60.36806488,29.14477403,12.47525383,0,105,21,0.65,1,,984.2635659,908,328,2207,126970,443.4850357,0.302882192,1.031884351
ID6180,6180,35,65.67747498,30.22022695,12.58279912,0,175,35,0.65,1,,831.248062,694,269,2369,107231,509.2131803,0.399679273,0.932275133
ID6152,6152,35,67.25196075,30.11268165,12.69034441,0,165,33,0.65,1,,879.0697674,792,249,2210,113400,461.1331354,0.432195983,1.150549438
ID6025,6025,35,68.85190582,29.35986461,12.58279912,0,120,24,0.65,1,,1080.325581,990,266,2461,139362,491.0206074,0.318883087,1.063922818
ID5993,5993,35,89.27110291,29.68250049,12.69034441,0,130,26,0.65,1,,1019.550388,830,212,2836,131522,615.3760532,0.496208209,1.098929949
ID6092,6092,35,64.9566803,29.68250049,12.69034441,0,145,29,0.65,1,,880.8682171,780,221,2527,113632,462.1573626,0.42103727,1.129447718
ID6124,6124,35,72.01109314,30.00513636,12.7978897,0,160,32,0.65,1,,952.6744186,908,262,2599,122895,506.1225019,0.461438515,1.188644939
ID6062,6062,35,91.39953613,29.68250049,12.90543499,0,135,27,0.65,1,,1032.72093,899,238,2899,133221,621.2625625,0.530680449,1.152620512
ID5937,5937,35,76.86746216,29.25231932,12.69034441,0,100,20,0.65,1,,996.7131783,891,229,2579,128576,542.7181617,0.444196909,1.12973078
ID6196,6196,35,72.07073212,30.11268165,12.69034441,0,180,36,0.65,1,,899.1705426,748,262,2790,115993,532.1639069,0.454529956,1.056006256
ID5974,5974,35,63.16263962,29.46740991,12.15261795,0,110,22,0.65,1,,926.7674419,832,257,2145,119553,482.4626526,0.320250171,0.93190191
ID6166,6166,35,60.36206436,30.22022695,12.69034441,0,170,34,0.65,1,,835.5426357,720,187,2300,107785,463.4838692,0.391775135,1.014919936
ID6009,6009,35,65.35095215,29.25231932,12.47525383,0,115,23,0.65,1,,1039.317829,929,274,2723,134072,511.3341004,0.307655954,0.956412945
ID6043,6043,35,68.32054901,29.5749552,12.47525383,0,125,25,0.65,1,,942.9767442,832,222,2465,121644,522.2065184,0.379448971,0.993428075
ID6139,6139,35,72.1364212,29.89759107,12.69034441,0,155,31,0.65,1,,965.1007752,899,263,2009,124498,438.5481702,0.465217529,1.397459792
ID6108,6108,35,65.11238861,29.79004578,12.69034441,0,150,30,0.65,1,,874.7751938,713,297,2873,112846,515.3155017,0.40455184,0.977889213
ID6077,6077,35,78.64838409,29.68250049,13.01298029,0,140,28,0.65,1,,985.0852713,898,267,2508,127076,496.6913817,0.475491989,1.278272793
ID5969,5969,36,19.55214882,12.36770854,26.67123232,0,105,21,0.65,1,,393.9069767,310,152,1346,50814,222.7899951,0.277754605,0.768673303
ID5987,5987,36,17.16455841,12.58279912,26.34859645,0,110,22,0.65,1,,398.1860465,350,181,997,51366,175.5090706,0.291914069,1.025269091
ID5950,5950,36,19.55540657,12.47525383,26.56368703,0,100,20,0.65,1,,401.2790698,344,174,1297,51765,202.5031627,0.312253821,0.943049761
ID5988,5988,37,17.95606804,23.01469241,4.839538123,0,130,26,0.65,1,,327.4651163,250,154,1153,42243,199.3567408,0.249100473,0.655150825
ID6086,6086,37,17.02851868,23.01469241,4.839538123,0,145,29,0.65,1,,323.0620155,249,148,1175,41675,199.0480372,0.243332722,0.635288721
ID6134,6134,37,16.84256172,23.01469241,4.839538123,0,155,31,0.65,1,,316.3953488,244,123,1103,40815,190.5379891,0.239559538,0.641836757
ID6055,6055,37,17.89477921,23.01469241,4.839538123,0,135,27,0.65,1,,331.1705426,256,136,1411,42721,214.1869848,0.253473387,0.625325111
ID6071,6071,37,17.09422112,23.01469241,4.839538123,0,140,28,0.65,1,,322.0077519,246,146,1247,41539,199.0572898,0.240229942,0.62667614
ID6103,6103,37,17.69790268,22.90714712,4.839538123,0,150,30,0.65,1,,323.4418605,244,143,1226,41724,204.7263,0.245420359,0.622654614
ID5992,5992,38,16.76375961,10.96961975,7.743260997,0,130,26,0.65,1,,272.4418605,191,119,1024,35145,195.1549427,0.21385766,0.4919051
ID6138,6138,38,17.17287064,10.96961975,7.743260997,0,155,31,0.65,1,,276.9147287,197,131,1257,35722,201.4476526,0.23185377,0.517450541
ID6075,6075,38,16.74119377,10.96961975,7.743260997,0,140,28,0.65,1,,272.7209302,195,125,1135,35181,197.4876174,0.21865395,0.495547764
ID6091,6091,38,19.67276192,10.96961975,7.743260997,0,145,29,0.65,1,,291.5503876,204,135,1180,37610,219.5378299,0.248034469,0.527861162
ID6107,6107,38,18.26529121,10.96961975,7.743260997,0,150,30,0.65,1,,287.3410853,196,141,1098,37067,212.9697931,0.238196737,0.519105783
ID6060,6060,38,18.46906662,10.96961975,7.743260997,0,135,27,0.65,1,,288.2403101,200,136,1329,37183,229.687858,0.241345313,0.487969789
ID6076,6076,39,18.06779099,29.68250049,10.75452916,0,140,28,0.65,1,,331.0697674,265,143,1201,42708,197.212377,0.220310961,0.606151165
ID6061,6061,39,17.88129044,29.68250049,10.86207445,0,135,27,0.65,1,,323.3410853,257,145,1233,41711,195.0055486,0.243268249,0.648880173
ID6145,6145,40,19.92171478,28.39195699,23.76750945,0,155,31,0.65,1,,338.4728682,276,145,1031,43663,177.884578,0.285365114,0.84487008
ID6099,6099,40,17.73622704,29.89759107,23.22978299,0,145,29,0.65,1,,289.7131783,239,132,632,37373,120.0379623,0.305943999,1.130829206
ID6131,6131,40,46.61418152,27.42404936,23.22978299,0,160,32,0.65,1,,666.8992248,562,226,1573,86030,335.0964377,0.313701237,0.950473514
ID6116,6116,40,22.25089836,28.71459286,23.65996416,0,150,30,0.65,1,,338.2635659,259,138,915,43636,181.5944365,0.309748268,0.881056446
ID6184,6184,40,44.2727356,27.63913995,21.61660362,0,175,35,0.65,1,,632.4341085,616,201,1517,81584,275.914696,0.465956853,1.457118803
ID6200,6200,40,31.84508514,27.53159466,21.40151303,0,180,36,0.65,1,,520.7054264,537,198,879,67171,177.4962325,0.384618628,1.629795461
ID6170,6170,40,56.11779022,27.74668524,22.47696595,0,170,34,0.65,1,,662.8062016,598,197,1486,85502,343.1376154,0.465457885,1.22703028
ID6158,6158,40,59.38056183,27.42404936,23.44487357,0,165,33,0.65,1,,746.6124031,584,217,1726,96313,419.6438093,0.380995885,0.981685274
ID6100,6100,41,18.55482101,24.73541707,24.30523591,0,145,29,0.65,1,,366.4186047,341,163,957,47268,142.3164222,0.247137486,1.020414889
ID6118,6118,41,16.86917496,25.16559824,23.98260003,0,150,30,0.65,1,,363.1007752,342,148,751,46840,126.3765977,0.241083026,1.116236734
ID6146,6146,42,31.53807449,26.56368703,24.19769062,0,155,31,0.65,1,,442.7131783,343,143,1349,57110,266.5769177,0.342279043,0.846968782
ID6132,6132,42,27.45109558,26.34859645,24.30523591,0,160,32,0.65,1,,451.0930233,352,156,1428,58191,270.7138261,0.256745428,0.680833746
ID6117,6117,42,26.85881615,26.77877761,23.87505474,0,150,30,0.65,1,,414.1085271,339,158,1152,53420,210.0944817,0.319119717,0.95367182
ID6187,6187,42,26.38232994,26.45614174,24.09014532,0,175,35,0.65,1,,456.6511628,405,149,1008,58908,212.0821499,0.265694416,0.903990797
ID6203,6203,42,37.04951859,26.88632291,24.4127812,0,180,36,0.65,1,,549.7364341,501,166,1455,70916,287.9245376,0.446194554,1.178157581
ID6173,6173,42,31.22373581,26.13350586,23.98260003,0,170,34,0.65,1,,484.3875969,437,177,1265,62486,244.0952462,0.309533427,0.938111923
ID6159,6159,42,20.04717827,26.24105116,23.87505474,0,165,33,0.65,1,,490.503876,444,130,1285,63275,230.1889212,0.141199161,0.52730112
ID5778,5778,43,16.74159431,13.01298029,6.990443956,0,55,11,0.65,1,,264.1317829,200,117,852,34073,155.0210863,0.262145783,0.707771772
ID5759,5759,43,18.2178421,13.12052558,6.882898664,0,60,12,0.65,1,,274.0620155,196,129,1030,35354,189.9767565,0.284692515,0.63937438
ID6129,6129,44,22.01287651,15.3789767,22.58451124,0,160,32,0.65,1,,360.9767442,321,161,740,46566,133.9841097,0.328950914,1.333761208
ID6185,6185,44,24.28887749,15.48652199,22.90714712,0,175,35,0.65,1,,382.2170543,323,150,874,49306,162.086443,0.331540857,1.174291517
ID6201,6201,44,18.58390808,15.48652199,23.1222377,0,180,36,0.65,1,,352.4186047,312,172,701,45462,128.4218328,0.258049983,1.12578614
ID6171,6171,44,20.28858948,15.59406729,23.1222377,0,170,34,0.65,1,,369.4031008,328,154,800,47653,139.3772712,0.269817763,1.12633535
ID6156,6156,44,20.49728394,15.70161258,23.01469241,0,165,33,0.65,1,,359.4728682,318,158,704,46372,132.181284,0.279936434,1.189589634
ID6189,6189,45,17.36971855,24.30523591,25.48823411,0,175,35,0.65,1,,359.2868217,363,183,534,46348,80.94685697,0.296785158,2.031633853
ID6205,6205,45,23.10886955,24.4127812,25.81086999,0,180,36,0.65,1,,384.8449612,368,180,726,49645,130.3662778,0.325151453,1.448674168
ID6175,6175,45,19.87164497,24.4127812,25.48823411,0,170,34,0.65,1,,353.1007752,335,184,705,45550,115.3560958,0.298901931,1.408771237
ID6190,6190,46,25.37410736,17.85251841,26.13350586,0,175,35,0.65,1,,442.9457364,419,234,860,57140,144.9407913,0.321483312,1.486916716
ID6206,6206,46,19.21337128,17.85251841,26.13350586,0,180,36,0.65,1,,399.372093,399,175,646,51519,118.0252932,0.255588294,1.377610114
